application_id,applicant_pseudo_id,pseudo_id_source,pseudo_id_fallback_used_flag,age_band,age_band_missing_flag,clean_gender,clean_zip_code,clean_annual_income,clean_credit_history_months,clean_debt_to_income,clean_savings_balance,clean_loan_approved,clean_interest_rate,clean_approved_amount,clean_rejection_reason
app_001,fc4fb76803a008529455aa4130a4c9f4a5f72f06f7ad43b35ac90085631b4a4f,email_fallback,True,,True,,,102000.0,37,0.42,0.0,False,,,high_dti_ratio
app_002,7fa4238022da5aed441f8c48a907a8f3cbe88186049c8e6a0980d8854972132f,ssn,False,25-34,False,Male,10020,41000.0,5,0.36,18200.0,False,,,algorithm_risk_score
app_003,e626311f310f7fb80415229777be761b877b33d42ddcc18ba1f82491890f598b,ssn,False,35-44,False,Female,90213,65000.0,74,0.43,7090.0,True,3.4,76000.0,
app_004,417094dc0567f442dbc01b8d7007ea237a13ba958b0d77efc27f9b35f2aeab4a,ssn,False,25-34,False,Female,90217,69000.0,9,0.41,10327.0,False,,,high_dti_ratio
app_005,61c112b16ecefe0dab71d98f848daab97cb0019083597a3e3358cd468d0c9fa0,ssn,False,65+,False,Female,90296,39000.0,76,0.06,15011.0,False,,,algorithm_risk_score
app_006,6c5853ffe9833775699631aaa163298d4b6e44a7c71d4662ce5a88afea68dae1,ssn,False,35-44,False,Male,10048,82000.0,24,0.21,0.0,True,6.2,27000.0,
app_007,4710a710ad478e0137bc642d2a5e92dc84697624514c41e75ad29983c0d7b95c,ssn,False,35-44,False,Female,90284,92000.0,77,0.08,21353.0,True,5.2,27000.0,
app_008,b82f9f2c882994ac2bd2a6987b1bb019b254c595314fc036235122f7fb0878b6,ssn,False,25-34,False,Female,90244,80000.0,24,0.43,22882.0,True,3.6,51000.0,
app_009,cce197ca698a62737834e6f500f429b7bb077dfce23bf27e533851cd76585d43,ssn,False,35-44,False,Female,90261,92000.0,15,0.08,39921.0,True,5.9,27000.0,
app_010,e591991bb78dfdb464ba8b84330cc953eb36772446a9f0692f2f7a88121c7c44,ssn,False,25-34,False,Female,90250,44000.0,62,0.25,6824.0,False,,,algorithm_risk_score
app_011,9aca7f2b80db0dcb8030225588561132878f84db1f93b3ba8fc45dc854ddf3be,ssn,False,25-34,False,Female,90205,89000.0,5,0.31,24246.0,False,,,algorithm_risk_score
app_012,d46d896e39a393c04419092a981be9130da26bd14834c8f41646675f9d094f49,ssn,False,45-54,False,Female,90220,96000.0,71,0.22,38284.0,False,,,algorithm_risk_score
app_013,8f8e0e30febc53b8610e7a8ed2707e4d11480cb7a32cef893d93d5bd27fb641f,ssn,False,35-44,False,Female,90218,57000.0,18,0.45,28706.0,True,3.9,70000.0,
app_014,f08e9f851a47fd92209b4ba719033790b3aaef0f7a79356e8f1de3123cdda8a2,ssn,False,25-34,False,Female,10086,112000.0,35,0.45,9647.0,False,,,algorithm_risk_score
app_015,a5f86e1da29f72793f71ca6854650d7d3bf8ed30d671da771816dd05603999be,ssn,False,35-44,False,Male,10061,118000.0,96,0.4,76692.0,False,,,algorithm_risk_score
app_016,009fb2c81490af944704406dea7c890cfd19d2b169b1d2c7b0fbf37ca1ea6fd5,ssn,False,65+,False,Male,10091,123000.0,71,0.37,86599.0,False,,,algorithm_risk_score
app_017,b1df2c006d45cf1db6d2c4ac1e288a0c3bfd76d6fcff82f45e6bd6c90dec077b,ssn,False,25-34,False,Female,90282,109000.0,60,0.15,40059.0,True,6.1,55000.0,
app_018,cea55983351357e6d09321b98e9351056dcfd85513b9e5b1018ba0b4b2d06e71,ssn,False,25-34,False,Male,10096,64000.0,18,0.2,11567.0,False,,,algorithm_risk_score
app_019,7331c3f8ceecb443b64c81bd9e09c6a7e5e330436e1533d424a093328f2535c0,ssn,False,35-44,False,Male,10086,130000.0,78,0.18,23420.0,True,6.4,19000.0,
app_020,f0813a8c4e7e72f2e192ffff1c951d0fdde6cf0aa09d89e186492001628d333f,ssn,False,45-54,False,Female,30014,133000.0,55,0.38,60268.0,True,5.2,23000.0,
app_021,cab3cae0997d73dc7587e5b7938f4780790958a9f9592dab105b25965fdff26c,ssn,False,35-44,False,Female,90234,100000.0,96,0.11,29386.0,True,4.7,40000.0,
app_022,6409f8876cea65d124094b140e1b9a00ef6e19c32e25e1b951d88a5f035e7e5e,ssn,False,45-54,False,Male,10081,99000.0,94,0.09,43381.0,True,2.9,35000.0,
app_023,2cf56c26c48e247d92060349ec7e1b148d950ed0ab529780249a55f0875447f0,ssn,False,25-34,False,Male,10019,44000.0,55,0.08,27397.0,False,,,algorithm_risk_score
app_024,0e1f79b83a4620046807681a16e8a355b1679c9cf07c9e6ba82c1faca4920fa5,ssn,False,35-44,False,Male,10077,103000.0,70,0.35,0.0,True,4.3,34000.0,
app_025,aeeab26552ba0fc011586c5ef7759cc10129429cd6d2274652422adc89aa834b,ssn,False,55-64,False,Female,90284,72000.0,63,0.25,33294.0,False,,,algorithm_risk_score
app_026,3e46b5444342b58c0e27b3fc64d5f9ab5661263e16892915baa190ce59afece2,ssn,False,35-44,False,Female,90229,72000.0,69,0.31,34051.0,True,3.2,20000.0,
app_027,c580e2c752087d7437fde12c6b8b4ea49cb3c5e8856ebc735fe0aa436c907968,ssn,False,25-34,False,Female,90214,75000.0,16,0.28,31461.0,False,,,insufficient_credit_history
app_028,77cefac063bbdeb9b89eca381020f576f463be28c24e2ab53dfcee6beddb2652,ssn,False,35-44,False,Female,10003,90000.0,60,0.2,38832.0,False,,,algorithm_risk_score
app_029,f9e9fe65f519d7cf9d3b90a0aa07b00466016c6ee5371f90bad3957a2c376fa2,ssn,False,<25,False,Female,10035,46000.0,37,0.45,23075.0,True,3.1,48000.0,
app_030,0134c4c5ec0f0afa8f52387b710e01868d639d7bdded557aa0d68aa60069379d,ssn,False,35-44,False,Male,10063,72000.0,30,0.37,28898.0,False,,,insufficient_credit_history
app_031,3fa88787232746e5035ba9eeae2e4dbdd49209a1a4f386dbe0350b43d48eceda,ssn,False,45-54,False,Male,90258,79000.0,83,0.36,17700.0,True,4.4,51000.0,
app_032,4830e38f21ff014bd4039d20e1823674df2a78dec661fe989acb0d3caacebfa0,ssn,False,35-44,False,Male,30019,124000.0,72,0.07,24282.0,True,5.5,75000.0,
app_033,a66e1e9ef4a6cecb3acf4ee89c54145af2815ca71c9c47d0757ca4b5687ae89d,ssn,False,25-34,False,Female,30047,83000.0,73,0.1,27950.0,True,6.0,51000.0,
app_034,d233fa10dffa94713f0f36b9fe09509586a5ddc72050a19903339a5e44d5f167,ssn,False,35-44,False,Male,10013,88000.0,53,0.36,38528.0,True,4.0,68000.0,
app_035,2ffac82705251e50310f061fea6fdda0368a50a04162205f9d65c2329b98626b,ssn,False,45-54,False,Female,90233,81000.0,37,0.07,35656.0,True,5.3,40000.0,
app_036,50796255035fd2610afbe4d942d0d605997dea268759dd3ee91629872b02640f,ssn,False,35-44,False,Female,90227,141000.0,18,0.4,77318.0,True,3.3,49000.0,
app_037,33b385a1ecbed7eb2d864ef688f060efeaa914aacff50f985644706ec9c69292,ssn,False,25-34,False,Male,10032,78000.0,51,0.18,17915.0,False,,,algorithm_risk_score
app_038,39fe7edf5982d48d98a14e41f657a26062f6384386af46cb6f05f549380b725c,ssn,False,45-54,False,Male,10012,125000.0,27,0.14,19147.0,True,5.5,35000.0,
app_039,88b810dd1f589a4ad794b27ee69639a12db3944259e67d5d1a95502e28c1e3cd,ssn,False,45-54,False,Male,90249,137000.0,73,0.29,62951.0,False,,,algorithm_risk_score
app_040,a6c1c1e715916e00da4f36726fe67f200ac6b3e5285e620dac6d7f814e56dbd2,ssn,False,35-44,False,Male,10015,90000.0,51,0.19,28995.0,False,,,algorithm_risk_score
app_041,f46488fc48d71dead315f288eddf511b227685720b17070982d46f9a7d5edf96,ssn,False,45-54,False,Female,90205,126000.0,76,0.06,85166.0,True,3.4,45000.0,
app_042,0f528d8ed9e1f07d06485b4cab5e6bd3467c98ea30b3c0b0028b4e9eb191f69c,ssn,False,35-44,False,Male,10044,69000.0,43,0.41,15974.0,False,,,algorithm_risk_score
app_043,23a5027534f4f493a29cbd1be9dc523caca78a7c5844b291260ceebfe3aaa722,ssn,False,35-44,False,Male,10038,131000.0,,0.06,53098.0,True,3.9,68000.0,
app_044,3f2a3636b3a5521aaf4e5a5a04d7aa6773aa991204b8b6d1fdd274be5ec17f00,ssn,False,25-34,False,Male,10021,73000.0,50,0.07,19027.0,False,,,algorithm_risk_score
app_045,ea3a18472269ddd6bd7bf1531a91b7f3220bfafddba2f566bdca461a41f06533,ssn,False,55-64,False,Female,90237,76000.0,82,0.21,25982.0,False,,,algorithm_risk_score
app_046,f40f0afb89db0e0060efabd209eb25d380eacee0442506fb62e4241f763763af,ssn,False,45-54,False,Female,90231,122000.0,44,0.29,34688.0,False,,,algorithm_risk_score
app_047,c8d18feda695cd28ea387617d45c47770dc700fec37dd3c2e81d2ee29c706764,ssn,False,35-44,False,Female,90280,101000.0,0,0.16,39861.0,True,5.6,32000.0,
app_048,95f44cc04381fab0adaf54d979f1a3bc9b0b1c7632dad2c9a0bae47325ccd2d3,ssn,False,35-44,False,Male,10064,107000.0,36,0.2,30597.0,True,5.6,47000.0,
app_049,4b4b4ff5db826dfd607ca9cedcbaed00418d50d357562a36a5aa3e7f19d0ec0e,ssn,False,25-34,False,Female,90278,59000.0,92,0.36,31881.0,False,,,algorithm_risk_score
app_050,a6cb6baa6ddd8ef679423ee399800666378cf32c32dcbfa3eb969ba9d3948d4f,ssn,False,25-34,False,Female,90267,30000.0,49,0.06,9588.0,True,2.5,48000.0,
app_051,da884fd5b0d7cf3aef662f03f73194cdc4c9de4989b855f07a84d61ae6e64549,ssn,False,25-34,False,Male,10060,35000.0,77,0.2,9646.0,False,,,low_income
app_052,75919ea587e50e0ed10be28c75e8438a34f210d66c62d61305b7eecbc7f06564,ssn,False,55-64,False,Male,10052,91000.0,119,0.11,38008.0,True,3.0,22000.0,
app_053,5e0db040f1c7ce30e33bfedfcce1fa93488c3cac47bfde1e7dfab41ac5de0a1c,ssn,False,35-44,False,Male,10041,101000.0,48,0.17,52330.0,True,5.8,74000.0,
app_054,4038414ccfa916dc176502973b41162d27389d6378199265ff21366aa972c33b,ssn,False,25-34,False,Male,10043,86000.0,16,0.26,28260.0,True,6.3,61000.0,
app_055,9a88c0bf72faefc1a29722e678de74fc98a446943c049f483a7d5e69ec22ad36,ssn,False,45-54,False,Male,10009,104000.0,51,0.16,52179.0,True,4.3,51000.0,
app_056,5eb8a5b7be43bee654994ab97a9641532e615bd2f61c0cf6b934e8c2322d7e18,ssn,False,45-54,False,Male,10069,99000.0,37,0.35,33129.0,False,,,algorithm_risk_score
app_057,4a39b12432333e4fa28f054cd47fac726e12ab6adfa7b81e703c5216aa7c1011,ssn,False,35-44,False,Female,90255,70000.0,42,0.15,38800.0,True,2.5,55000.0,
app_058,2e8fc49dadc3b49ede45f954efdd97eccc53ba9e45465f38f9b7f1a6263f4fa0,ssn,False,55-64,False,Male,10067,83000.0,114,0.35,50490.0,True,2.8,61000.0,
app_059,8c62395cb51ecc5189de24ae8c2826ceea38b35aa1af7357a996819ea5f07b5c,ssn,False,25-34,False,Male,10029,103000.0,50,0.3,40581.0,False,,,algorithm_risk_score
app_060,c61c923d78b1dffeee20be9e1bf9fe835d6e866acb22d9582c466935e26ab571,ssn,False,25-34,False,Male,10042,25000.0,11,0.07,12900.0,True,3.8,52000.0,
app_061,1cdb1d5e46aa60e0cccca7047b47ccfc4eef92007407480031757c6089396287,ssn,False,35-44,False,Male,10073,59000.0,54,0.27,27425.0,True,4.0,28000.0,
app_062,d685761e5bf462f8421cd0edad8f08599866b789ced9b4b39d31ac2b51342d5a,ssn,False,45-54,False,Female,90275,64000.0,109,0.39,34015.0,True,3.1,16000.0,
app_063,289ffa11892a5f492bf39a21d893b9ccfada3895afd969c1bb172ef9fc485520,ssn,False,25-34,False,Female,90243,55000.0,45,0.1,14715.0,True,4.0,57000.0,
app_064,f9f4ce98b800142b68a0a810d5a4e7f9e42e34b293c060290e938c54392d6826,ssn,False,25-34,False,Male,10009,81000.0,64,0.37,40674.0,False,,,algorithm_risk_score
app_065,991bf7149032c56add1fdf4a5e340f431a1783a6d638a0f44066965894e6a6e9,ssn,False,25-34,False,Female,10070,109000.0,41,0.37,30645.0,False,,,algorithm_risk_score
app_066,ad8d9489fae677c393e47b87f41917ea46d7b8c66412981b2b93ade406de30ae,ssn,False,25-34,False,Female,90214,28000.0,20,0.36,11680.0,False,,,algorithm_risk_score
app_067,cef7e740054147eab3c9785b3514763db2f0d146f616c658c9c57ff22f09653e,ssn,False,25-34,False,Male,10031,39000.0,36,0.37,10486.0,True,4.3,56000.0,
app_068,64fe5ba8d4b4516e55668028629241ba5ed72f3106753f7cc89de2c2eb8c5f9a,ssn,False,25-34,False,Female,90282,75000.0,30,0.31,40791.0,True,4.9,20000.0,
app_069,efa6fa28712140981b4449a65c1599ab43cd379f332c3ab237b944e8d719a730,ssn,False,55-64,False,Female,90237,98000.0,93,0.25,11645.0,False,,,algorithm_risk_score
app_070,9ed24a742690f4c617fc5a9869db1e1428fb92547a078d05433b5a9fb97cd068,ssn,False,45-54,False,Female,90292,121000.0,59,0.43,24655.0,False,,,algorithm_risk_score
app_071,a6cf370391dbc051782e777cdda5917847dd7f3be98d934c345a4e6fff7c886f,ssn,False,45-54,False,Female,90208,134000.0,69,0.07,72178.0,True,3.8,54000.0,
app_072,f19e7254d867ab9449f3f85384e23c5b8c2d091b84e72a8bc5a6d60ea0b627e3,ssn,False,25-34,False,Female,30044,65000.0,20,0.28,19076.0,False,,,insufficient_credit_history
app_073,56bd0d288944bca71a76c02fbd60604fce215bf58d1591dc259eaf1e97a18ab8,ssn,False,35-44,False,Female,90252,97000.0,60,0.08,30412.0,True,4.8,51000.0,
app_074,268bc3d13ba6fa2a7a318bd4e314d34eb10b6426055893b97e2ee00eeb685328,ssn,False,25-34,False,Male,10033,39000.0,82,0.19,12904.0,False,,,low_income
app_075,0559ef35a01101f8b160735e20d0fda2ae0d9e50b4a07b9f74fd72087834c9d3,name_dob_zip_fallback,True,,True,,,61000.0,29,0.15,25894.0,True,5.1,22000.0,
app_076,67c7b43b5b0eaf77290e1cffd2abd2bba034cd999d6484c8b02ea483eac6ac19,ssn,False,35-44,False,Female,90285,66000.0,35,0.43,13607.0,False,,,insufficient_credit_history
app_077,cddf3b84588d9be2e0cf457256d52ba7ede3e8b16bd6e949abffeb299006b1e6,ssn,False,25-34,False,Female,90275,86000.0,27,0.15,41449.0,False,,,algorithm_risk_score
app_078,979a5e8fdacee4e46d942c9050ce229f6ed297c357c7ca78f01b15c785c3a4ca,ssn,False,25-34,False,Female,90299,47000.0,19,0.26,14054.0,False,,,insufficient_credit_history
app_079,2106eaf8621f4c48550f3e320e88a2e0137150f606b174d5b7adb6f7a88dd895,ssn,False,45-54,False,Female,90280,97000.0,102,0.31,32958.0,False,,,high_dti_ratio
app_080,31eda812dda4c3522dacdfb55f7814cd83016329c26d20064bad55a5e4e1d452,ssn,False,35-44,False,Male,10075,111000.0,58,0.39,18138.0,True,3.1,37000.0,
app_081,e44b20d06688bcf0dbd754674a90a30366dec64906f995e7f51a5ee5f6779b3f,ssn,False,25-34,False,Female,10053,41000.0,8,0.32,13208.0,False,,,high_dti_ratio
app_082,4f837b4c004d8dca8cb861c0dae7a720b67262d6518f42455a077b194d6af7af,ssn,False,25-34,False,Female,10096,52000.0,62,0.22,13436.0,True,3.2,27000.0,
app_083,5c78e94ac05f289a48bdba6134ef45de62818d0a9bdb7684e7b36f67ef9bd8f4,ssn,False,35-44,False,Male,10069,57000.0,40,0.23,29607.0,False,,,algorithm_risk_score
app_084,00ce721f56e6250fb7c6d9decb5c33b33b077dd3d0db79e4f19c78a3b67ecd07,ssn,False,35-44,False,Female,90279,160000.0,54,0.4,78286.0,True,4.0,50000.0,
app_085,2cf4762cf3ab3c34ef69935a35b794f7c57b34c503c256b795a7dd6c1167e625,ssn,False,25-34,False,Female,90234,37000.0,5,0.15,18428.0,False,,,insufficient_credit_history
app_086,599ddfc5dc6f0d5accbbd9e84c757088da4be2c804acbbc82999263aa23f9978,ssn,False,25-34,False,Male,10030,115000.0,15,0.17,50342.0,True,2.9,80000.0,
app_087,bd03fa323d2ef21753cd1b81f2ffd2b36c0d8ba52ad26435e7e1deebf4a93f6d,ssn,False,35-44,False,Female,90247,94000.0,53,0.1,48204.0,True,3.2,35000.0,
app_088,009fb2c81490af944704406dea7c890cfd19d2b169b1d2c7b0fbf37ca1ea6fd5,ssn,False,35-44,False,Female,90229,55000.0,55,0.43,29118.0,False,,,algorithm_risk_score
app_089,561fc26694ca5af17df5820e3c06f5fcf8d9d4e915a2a27a368da59acdf84c3d,ssn,False,45-54,False,Female,90251,93000.0,98,0.22,23117.0,True,5.5,53000.0,
app_090,0b5a2ad5043c1e1b7acdbc4ea31ea33cd611a11295ea60d0f33d1e75934f82cf,ssn,False,25-34,False,Female,90297,46000.0,41,0.05,25176.0,True,4.4,67000.0,
app_091,83483ce47b0d73b026fedddb062f2db84a5946804bfebec29e209e398ce02a50,ssn,False,35-44,False,Male,90218,95000.0,36,0.12,33444.0,True,4.9,45000.0,
app_092,472c035b1a0f46d55a224ec83cd5be1ae280c42b08e0bee833f08430c10bb813,ssn,False,25-34,False,Female,90222,22000.0,31,0.4,14473.0,True,5.5,29000.0,
app_093,0c9e0f343563605b591062aa2b8427d35dd37af802d69de96148bfa73d60f5cd,ssn,False,35-44,False,Female,90230,137000.0,36,0.08,16139.0,True,6.1,59000.0,
app_094,b15e883224f730659ee62b743563e3bcd80d244f26fc14cb0f52868ed08ae101,ssn,False,35-44,False,Male,10092,111000.0,44,0.43,47525.0,True,4.3,28000.0,
app_095,0e03c7df3241c7ef341fc5ad5153bf0163cc34b0ee4e7f64e581cabd9a39a1dd,ssn,False,35-44,False,Male,10049,116000.0,58,0.39,53274.0,True,5.0,51000.0,
app_096,aaffcbac2751ae2d52691d92610a154cc0b9f5c4b5456a0d498b9ecaf5e9603c,ssn,False,25-34,False,Male,10014,84000.0,8,0.3,41724.0,False,,,algorithm_risk_score
app_097,2589b5f312e4247a525c5ce96321e2ab269c7be6bdcf7fec636de782b930e648,ssn,False,45-54,False,Female,90262,141000.0,33,0.26,22923.0,False,,,insufficient_credit_history
app_098,102a3810b03731b719a6d91bba00223542d82fc4e943b7860ebacf929c55d8fd,ssn,False,55-64,False,Male,10006,92000.0,92,0.38,34427.0,False,,,algorithm_risk_score
app_099,69a5647acf68adb2b8cc3b0eaa86ed08802255d8c7d9d303986fe5e79408a66b,ssn,False,35-44,False,Male,10022,55000.0,61,0.17,30159.0,True,5.6,27000.0,
app_100,c410d5f6ffc20eb109f388b7dacaed554df1814e3b41f5038b94215367baa3fb,ssn,False,55-64,False,Male,10001,79000.0,99,0.22,36346.0,True,2.8,19000.0,
app_101,8cdaa459325ca17cb697c5d5dfb1bbadfacd86423eb60b99a5f7701dcc14360c,ssn,False,25-34,False,Female,90255,55000.0,0,0.3,15364.0,False,,,algorithm_risk_score
app_102,61c3d32fa12ccf056d985384156ea87e4371c0d22051008fe30f4bc48a094c0d,ssn,False,25-34,False,Male,90279,76000.0,25,0.2,20000.0,True,3.2,22000.0,
app_103,b1d42a22e820add5591e530c1c18d81a91c24ff35ab2f15f0023474cb8cdeaba,ssn,False,45-54,False,Female,10085,148000.0,56,0.25,61857.0,True,4.3,48000.0,
app_104,8777de3d5e22fe35059730977e8699b0b2e1544cf80be9d6ff1d1ac91c7c8dca,ssn,False,45-54,False,Female,90254,84000.0,85,0.35,32846.0,True,3.6,76000.0,
app_105,8ee0c87e441a22057edc670fd698cae025bf777341ed941688f5a720e9edf1b9,ssn,False,35-44,False,Female,90243,116000.0,22,0.2,69276.0,True,3.6,75000.0,
app_106,86818e23a91feac26d6b2ce91f33fa53ac624e80e553fd66ca10e0aa78194526,ssn,False,25-34,False,Male,10043,44000.0,20,0.16,13124.0,False,,,algorithm_risk_score
app_107,7089fbbb53839ec881c839c047f477b59f994500fcd4bcbe4cbfde37b1c29fed,ssn,False,65+,False,Male,10087,91000.0,105,0.3,37143.0,False,,,algorithm_risk_score
app_108,829b4e2d75e2698d766a99ccf36a75706b94885596f82359934001ff122ff672,ssn,False,45-54,False,Male,10057,93000.0,62,0.42,29257.0,True,4.2,44000.0,
app_109,9666b75cdb86bb0e9828bdf3f95b8f23d5cb64dcf2f383ee5103312207cb515a,ssn,False,25-34,False,Female,90278,47000.0,27,0.23,17289.0,True,4.0,17000.0,
app_110,25ee11ef744c7ed09d58fda253258bb09d7da330141959717074561f55942f28,ssn,False,55-64,False,Male,10011,111000.0,112,0.07,58086.0,True,3.4,78000.0,
app_111,65aec15a793ee30981f3f456eb02683ef3133adfa7fc43220eed73b49cca85de,ssn,False,25-34,False,Male,10063,42000.0,55,0.26,9507.0,True,3.2,70000.0,
app_112,fee491e4afdca5956b57af9c6279ad852792311309f200777c9d4f4b9fd8e7dc,ssn,False,25-34,False,Female,90207,56000.0,42,0.39,1863.0,True,3.2,57000.0,
app_113,6c7d66e237ccb897c68f304afb3bd9e351c42e41ed322a0faffe6f7ddf533af8,ssn,False,25-34,False,Female,90272,40000.0,45,0.22,11728.0,False,,,algorithm_risk_score
app_114,aa4f8649f0e149c5a90eb8e7dd8350808d01b0c7d53e2888946719a1e2f0eb2d,ssn,False,25-34,False,Female,90204,75000.0,52,0.12,23554.0,True,3.9,50000.0,
app_115,3679c34d9c326d3acd203e308715823ecc7eb1560978eaec412c6af6dca60f17,ssn,False,45-54,False,Female,90294,123000.0,52,0.07,82257.0,True,3.6,23000.0,
app_116,61bb869c2d6eb1b2387ad27159ac199e00397cb4357ea5da0b585cde25b38bc8,ssn,False,25-34,False,Female,90224,102000.0,38,0.09,41035.0,False,,,algorithm_risk_score
app_117,2ef8ae7864926f05417c7c3c24386919e784b44d927d4a68c855cc05bba2fddf,ssn,False,35-44,False,Male,10002,69000.0,109,0.21,22879.0,True,5.9,77000.0,
app_118,50ccf0dad4e13986e1466b333738fce0a0d9b2c192e3427b56ce22b458e9af11,ssn,False,65+,False,Female,30038,110000.0,87,0.34,47222.0,False,,,algorithm_risk_score
app_119,4dc546558423924a0cdf25fa3502d24ef4ea9d87997b54713e81d5a16e994855,ssn,False,25-34,False,Female,90216,74000.0,0,0.45,24617.0,False,,,algorithm_risk_score
app_120,b651cb4f54f6916cd56cccae0174b8b380d3db02977905ae6a1f3d872c8c3c90,name_dob_zip_fallback,True,,True,Female,90240,103000.0,96,0.45,26517.0,False,,,algorithm_risk_score
app_121,f4991488066d3b7a306d57ac7516f4341484e6360ff0af64b4eb78f0c7ab45a3,ssn,False,35-44,False,Male,10020,90000.0,58,0.11,34768.0,True,3.3,66000.0,
app_122,775bfc0ccb5f37885c8aacac2f527e43e437f90844f24abf93e8a1c6e8dbbcba,ssn,False,55-64,False,Male,10057,98000.0,61,0.26,14834.0,True,5.5,69000.0,
app_123,cc83350fba67b30ccfe1a88c811afc94dfaa6ad81cd20b13770d2264f1977fdd,ssn,False,45-54,False,Female,90272,87000.0,82,0.23,39088.0,False,,,algorithm_risk_score
app_124,dc0307a5e8b443e7ef7734e37d05e851e5a437e5bb6fd50de918a87e2d4e0a90,ssn,False,25-34,False,Male,10025,65000.0,54,0.18,11237.0,True,4.3,49000.0,
app_125,835deeec17b25d4042b8843ace3dd32d0a5010aaf4e6d79269fd2420c6a4027c,ssn,False,35-44,False,Female,90203,77000.0,72,0.36,30414.0,False,,,algorithm_risk_score
app_126,b3a69ac907964f9d038e7c97bc8b160840d549cc633c70363eb166270f8dcf4c,ssn,False,35-44,False,Male,10054,83000.0,48,0.39,33657.0,True,4.1,37000.0,
app_127,0cf64543a9aa7f055477ec34893de676c31c8b859d47ffa513139b5fb6070c71,ssn,False,55-64,False,Male,90261,73000.0,78,0.15,28164.0,True,5.9,53000.0,
app_128,a4bcc508a7d6d68b98a89c331a469f1dffbc880ff55ca82f80a37292080a4b6b,ssn,False,35-44,False,Male,10078,94000.0,81,0.4,73842.0,False,,,high_dti_ratio
app_129,324395b6044d903704e592fb860b747b8cb73aec3b0b9fefc4a924f10755f375,ssn,False,35-44,False,Female,10059,108000.0,54,0.17,30185.0,True,2.8,30000.0,
app_130,2860ac57589938279994fef5be477109329411179ab0a914f437dfba86fcc596,ssn,False,35-44,False,Female,90252,135000.0,62,0.09,30902.0,False,,,algorithm_risk_score
app_131,82202049c5ffd64e1c00e166924c5a9d9b5b2f173c9277138b2418f90455e1ac,ssn,False,65+,False,Female,90286,85000.0,127,0.09,14930.0,True,5.8,32000.0,
app_132,6b32ae5783dc9994d02641ae00336e3ca5031bc28458865882bfde01d5ddc308,ssn,False,45-54,False,Male,10040,82000.0,42,0.39,25146.0,True,5.6,32000.0,
app_133,66ea9bb0bc3ed5478f57b8be89974785504bad429ff9f9966ec2bb70a32918f3,ssn,False,35-44,False,Male,10022,70000.0,72,0.16,33883.0,False,,,algorithm_risk_score
app_134,2f0c6cff67b00bebc6ad379087a0a7fc0b9c71912f6c3b99a240c45e0ac915c0,ssn,False,25-34,False,Male,10048,98000.0,60,0.12,24889.0,True,6.0,69000.0,
app_135,a1a493280845dc4869139c7b925dce566d0837dc41dade8710f188bf9f182305,ssn,False,35-44,False,Female,90202,65000.0,92,0.22,9369.0,False,,,algorithm_risk_score
app_136,9ff0e517841de245141811868b398fcc4c95441772cb753f7ff3ccce609db343,ssn,False,25-34,False,Male,10026,29000.0,43,0.36,9624.0,True,5.8,72000.0,
app_137,b33c1603c506eea80f9079a11dc049ebb6d8b1dbc00fdb27fcfdf6510bc0c3f8,ssn,False,35-44,False,Female,90205,81000.0,53,0.19,13306.0,False,,,algorithm_risk_score
app_138,8d3d2543c2b4eba2931450c1340ca044842b2455f7c4f7a84aea9770286beb33,ssn,False,55-64,False,Male,10036,64000.0,56,0.24,26880.0,False,,,algorithm_risk_score
app_139,9e4125a57fe07c223d12388955a8bdb5def486db1eb5a31396aca68609704100,ssn,False,45-54,False,Male,10006,88000.0,76,0.06,25968.0,False,,,algorithm_risk_score
app_140,040de84ee1d09ae0349314a1632fe7d5e75e22997d6637df2ba903edbfef7894,ssn,False,45-54,False,Male,10047,45000.0,76,0.15,16933.0,False,,,algorithm_risk_score
app_141,d77783b69d86fd99b9d2ce2b7aeaacaa9ebcb31f5fd44b94d8c5570d592741f4,ssn,False,35-44,False,Male,10002,125000.0,39,0.37,72682.0,True,3.2,37000.0,
app_142,98afa1cd057c69647b356fba3720b1861f8468084863e1d2c94a633a2c4b39c9,ssn,False,<25,False,Male,10050,72000.0,66,0.34,15207.0,True,3.0,17000.0,
app_143,bf4a718a12491432a7858062a4b59eed3dcfe005afa374b0598781d0e3f91b2a,ssn,False,65+,False,Male,10048,66000.0,113,0.28,23503.0,True,6.4,66000.0,
app_144,9c436ac5a2684d0f780960be69e8fc10f57b0d7c2b64904c3af51f6d8f601199,ssn,False,25-34,False,Male,10024,56000.0,0,0.27,23970.0,True,6.2,39000.0,
app_145,c1fcbec6728e0fdafaba83844a7bc82a357e2517619fad94cda2cb38c392bc30,ssn,False,35-44,False,Female,90297,85000.0,26,0.43,17930.0,False,,,algorithm_risk_score
app_146,02c58ebeb599accac1de4e8e6f8539ded1daf783ba218a85a204685dd850edbc,ssn,False,55-64,False,Female,90262,79000.0,102,0.2,24961.0,True,2.7,61000.0,
app_147,c50409b595a60ac953ddb820958ef41fc7b3d18cfdb5e29efc79d031c0c058f6,ssn,False,45-54,False,Male,10092,79000.0,67,0.43,41974.0,True,4.9,65000.0,
app_148,55984ed2acde6f6bb57ba1b54934be94c5b29b135f4339045c5fca208f6c5c44,ssn,False,35-44,False,Female,90261,122000.0,72,0.37,35207.0,True,3.3,25000.0,
app_149,2edae38aaafcad630d68d13d431aecfd5e60124968c71cc5e4f2caae8357ff46,ssn,False,45-54,False,Female,90224,132000.0,72,0.2,48329.0,True,5.1,29000.0,
app_150,e4bbe60ef1fa80e088c484a3e6fa7c3101a72013c71b6971204fb0cff7c270a7,ssn,False,45-54,False,Female,90208,106000.0,49,0.25,38059.0,True,3.0,38000.0,
app_151,7371882a35ec90d01786bbc0b50336dad4531c44bad0b6321d4b8e0121fa5845,ssn,False,35-44,False,Male,10019,124000.0,59,0.4,53225.0,False,,,algorithm_risk_score
app_152,67db93327be657e555fb77ed52d23a3ea68b94b4f35c961758e165e5ed349312,ssn,False,<25,False,Male,10012,46000.0,26,0.16,21942.0,True,4.7,19000.0,
app_153,8293d20f848bf5a892face54c63d338c0cd8ea0dff19412a6a0b8efa6ffe0cb7,ssn,False,45-54,False,Female,90222,76000.0,56,0.36,11446.0,True,6.4,33000.0,
app_154,388b44c0d030305875283dd0ae59efc6c7d273dd9f0ff8d970f907a0501e7c63,ssn,False,35-44,False,Female,30015,119000.0,65,0.09,86849.0,True,6.5,15000.0,
app_155,9502a6411a19a0deb7707d33e3dbcf0ef4b474faa4dadc467d6a751b54b1e73d,ssn,False,45-54,False,Male,90206,100000.0,102,0.05,44295.0,True,4.2,61000.0,
app_156,74134bc775d6ac6a9744271246b9d4cf1b6bb98134c950720521435d89009b9c,ssn,False,25-34,False,Female,90239,25000.0,,0.21,13641.0,False,,,algorithm_risk_score
app_157,35508a9966b792df72e6f93091d253af9fb5654dd0f5847d40140ca57e91caf4,ssn,False,35-44,False,Female,10015,110000.0,34,0.11,38281.0,True,5.9,51000.0,
app_158,1bcc8db96f173919729ed5b51ff21b369ba8303defba81d9f8eb27c9c916700f,ssn,False,25-34,False,Female,90286,74000.0,31,0.38,27666.0,False,,,algorithm_risk_score
app_159,a9471f3221a7e02f5a1fd430c5703ffd3db9dcd959307734100d919962f75bfc,ssn,False,65+,False,Male,10084,107000.0,89,0.22,61596.0,True,6.1,58000.0,
app_160,8280378419e7b3fcff1c3c1be152ad6755038f688e6709971a72634b24155dd7,ssn,False,35-44,False,Male,10056,80000.0,18,0.18,58748.0,True,2.8,31000.0,
app_161,1dc0b23f8a3e403c3c05a5cb0efc8c8215bf160e2f5a5427e227a7ca34562add,ssn,False,<25,False,Male,10067,40000.0,16,0.07,21612.0,False,,,algorithm_risk_score
app_162,0af0e883de3cfca6748fb10c97289670fd41d2bd87d02b86bd32f8ae637bbd77,ssn,False,25-34,False,Male,10066,55000.0,47,0.3,10407.0,True,2.7,71000.0,
app_163,34c7ced97a71f4cebfc0916ed67d76e4c7260eef9a3ed107c5bbc2d940182fe9,ssn,False,35-44,False,Male,10019,104000.0,58,0.3,38425.0,True,2.9,47000.0,
app_164,ab6e2e9b03ca2661afb3c6c54b71ae0287a66ceeb8593dbfdf61a1373807a459,ssn,False,45-54,False,Male,10004,101000.0,117,0.14,34221.0,True,4.1,62000.0,
app_165,db4a307a66655c3fa60803f8cc6559c1f9887756ea694b22e0a926b66760db0a,name_dob_zip_fallback,True,,True,Male,10077,66000.0,6,0.16,36936.0,True,5.6,53000.0,
app_166,e605548aa1b9f650892cd12b2123e3bcd542a9de98204d3f20a002c1902bfc18,ssn,False,45-54,False,Female,90247,118000.0,54,0.13,35023.0,False,,,algorithm_risk_score
app_167,1747fc0334ae92a961aca8ea33289bf10e11dbae0ca92c1f400678c990be81cd,ssn,False,35-44,False,Female,90214,105000.0,32,0.17,55374.0,False,,,algorithm_risk_score
app_168,4d69afb3ebe92a9bae6124e5b9fee4976e2e8bc8ddadda66a9662b4b7c34f6bc,ssn,False,25-34,False,Male,10092,71000.0,29,0.28,22361.0,True,6.1,65000.0,
app_169,8463f5c9fc2c93a8d8d395262892f55c863a96e38f43a3dea203440efd027609,ssn,False,35-44,False,Male,10014,85000.0,45,0.11,61833.0,True,4.4,28000.0,
app_170,a6fc3a2840a3b30fa29e92a3c8157c92dc90b3b4dba66d412134eb7e806bfb71,ssn,False,35-44,False,Male,30015,75000.0,40,0.18,10709.0,True,3.3,79000.0,
app_171,37f6d73518fa743edf04a85e2fc357ac3e73db8634070d3bf87ba54fc8afe092,ssn,False,25-34,False,Female,90252,104000.0,47,0.32,16227.0,True,6.2,78000.0,
app_172,10187d0831d69d3df9625cfdd70749c8480d886f140f0b55aec81d2ccda14f74,ssn,False,35-44,False,Female,90213,64000.0,14,0.14,31122.0,False,,,algorithm_risk_score
app_173,c0d7c2fc2ad03be237868c245a51f414c54d7cb36916950191a308606a01345f,ssn,False,45-54,False,Female,90277,115000.0,60,0.05,62581.0,False,,,algorithm_risk_score
app_174,4cedc6a284571b9f83cdca74d1ec49dacd618548820cd598c14506191f1c75c2,ssn,False,35-44,False,Female,90237,98000.0,31,0.34,34731.0,True,2.7,33000.0,
app_175,f609d98bcb7ee542c948e33f001dde15df9921decf31e5234c84a7017627c9a5,ssn,False,25-34,False,Male,10012,46000.0,47,0.31,19411.0,True,3.8,51000.0,
app_176,e4198ea6a8a8efa9793c83b9c80bb4a21eb2d18d14a574f8fb55f54bb8759998,ssn,False,35-44,False,Male,10058,91000.0,60,0.22,46039.0,True,4.9,35000.0,
app_177,e4bdaf1a47cd03358683d57800ddd6bcdad901438b22b4c1bd66647b414b3e08,ssn,False,35-44,False,Male,10004,54000.0,35,0.05,25705.0,True,5.9,67000.0,
app_178,c519d8bd7c5b25abeef92d5399647defee58016a735966656ed5dc3fb67fb601,ssn,False,25-34,False,Male,10027,52000.0,44,0.13,20921.0,True,3.8,44000.0,
app_179,884f3bc9707128877349f7258c2ecbcaac56f3343740d9ed75e104adb6567035,ssn,False,25-34,False,Male,10092,85000.0,30,0.24,31966.0,True,3.4,42000.0,
app_180,f76223d9a3dae679987e0b61ec3d4521c3b174e2091a40eee500beb680c80ad0,ssn,False,55-64,False,Male,10002,111000.0,52,0.43,30253.0,False,,,algorithm_risk_score
app_181,7f2412e229c248f48ee504c2ddf5d53cbab7ab3c0aecbac12605c6c456bd9c6c,ssn,False,25-34,False,Female,90284,89000.0,79,0.44,36769.0,True,5.0,54000.0,
app_182,54ac2b32cf6b37f9e4fd2d45e0e65676e7e0bbdd65e67deee70241477cea863f,ssn,False,35-44,False,Male,10096,102000.0,53,0.39,39743.0,True,2.9,40000.0,
app_183,a4cd145c1b63948ddd6e223450f1d1f3f8f8c0da06cc2c569737deac5dbb5cf6,ssn,False,25-34,False,Male,10003,36000.0,12,0.17,1661.0,True,4.9,16000.0,
app_184,aa1bc6ddc4414be3aa8a7f98dfdc60a5a671cdbd0132d254773966fa506adcb6,ssn,False,25-34,False,Male,10080,57000.0,14,0.23,31763.0,False,,,algorithm_risk_score
app_185,446cb6403bcac46a710aa33c19c55292a09ad63a9556762a818fc118ad462bfb,ssn,False,35-44,False,Male,10039,60000.0,65,0.34,38690.0,True,5.6,24000.0,
app_186,d9afe7a0bae2c062a52abad89bf851bbdd2d6ff8b65df459e1cffe3d638c15c9,ssn,False,35-44,False,Male,10086,115000.0,41,0.42,39117.0,True,6.0,72000.0,
app_187,5d530c9f1efcd8d2b771f272cae2d12b6f797eb34fdc5c487bb23b8eec0da290,ssn,False,35-44,False,Male,10085,67000.0,52,0.3,31102.0,False,,,algorithm_risk_score
app_188,213aff80f2a947153457636fc4f04b77daacdaec668cca15ccda2a4e0bd70058,ssn,False,35-44,False,Female,90263,98000.0,64,0.17,45696.0,True,2.7,27000.0,
app_189,51c13ee58a534cf292ddb42e72097e1ba6b955136a623c1d1b9c22808a0d9fa2,ssn,False,55-64,False,Male,90255,95000.0,71,0.06,41414.0,True,5.5,39000.0,
app_190,db9ae4dc410e60c8ba34ae85060208da1f31d8138d0ad9b46381914196835132,ssn,False,25-34,False,Female,90297,0.0,0,0.14,19603.0,False,,,algorithm_risk_score
app_191,370a568b75cb198d737acc97361a2f04b05d7e0d9b2507428cb690c1081f1ae1,ssn,False,65+,False,Female,90281,98000.0,78,0.16,20428.0,False,,,algorithm_risk_score
app_192,73d6dea0cb0c03eeb56813b0929bb9384e71ac5e4dcb6066ea272a1f45e93c59,ssn,False,35-44,False,Male,10088,78000.0,40,0.22,34292.0,True,6.0,18000.0,
app_193,1b3fddf93dee8106a139e372d464d8b7dda835487e2bc54cfa5cb8e830adc481,ssn,False,35-44,False,Female,90221,155000.0,9,0.08,30968.0,False,,,insufficient_credit_history
app_194,f9924414e002295061531399a90fe95e394664436c772a22ddda93ef91f4189c,ssn,False,25-34,False,Female,90223,80000.0,3,0.09,32385.0,False,,,algorithm_risk_score
app_195,e03ea1d847cf8ee2410c92b9dca6863d8385995d6f2be2085344b84a6719ae98,ssn,False,25-34,False,Male,10005,61000.0,0,0.29,19373.0,True,5.1,77000.0,
app_196,8d8ae24dd3ffa6c79886f1d0e229d60ea51751d231d2eefc2a87acb3b432c8c2,ssn,False,25-34,False,Female,90225,88000.0,19,0.26,12943.0,True,6.4,47000.0,
app_197,4f42b92d1bc8bbb9e1d2c5954991bac74cb1ef161d39985a4083c0047b3eed97,ssn,False,55-64,False,Female,90284,80000.0,83,0.21,37307.0,False,,,algorithm_risk_score
app_198,1065aa81980b617cbb5d27a6d576838f2ab2c5546f3233a22ddf424cbc57df70,ssn,False,25-34,False,Male,10057,49000.0,0,0.12,21939.0,False,,,algorithm_risk_score
app_199,4408f41536fc08092bc204ae37a3c039fd12b2aacc260b8ecdf572d7fb556394,ssn,False,25-34,False,Male,30008,68000.0,43,0.41,8346.0,False,,,algorithm_risk_score
app_200,cf439b4c9c8369b0fc0c7461b0c66942f6235eec367447af67b7d8348ec3f66d,ssn,False,<25,False,Male,10036,73000.0,23,0.2,31212.0,False,,,algorithm_risk_score
app_201,276a851d1dec1b42f42c8b1c054b27490bcca8504cb6c9e78fd6c474180403b0,ssn,False,25-34,False,Male,10088,36000.0,27,0.11,11695.0,False,,,algorithm_risk_score
app_202,98e403dce989197f8856179863f752f1aac91addff2126c113f19d302591ca04,ssn,False,25-34,False,Male,10097,62000.0,29,0.11,14258.0,True,5.8,64000.0,
app_203,11a0af209b03e7ed4b6cd4a6d9957c8018e261a9184d27940e0b1d7556d8e553,ssn,False,25-34,False,Male,10093,58000.0,47,0.44,21458.0,True,3.0,51000.0,
app_204,8bd13b10a592f407e43d1ac0e4e955536a7b1ba92d001c3dbbf5d2e9c17f3576,ssn,False,35-44,False,Male,90256,81000.0,63,0.22,14018.0,False,,,algorithm_risk_score
app_205,96ff30ce14b92a627457353f39ff50599f4bcf283e30549e4c3ea94634a53a8c,ssn,False,35-44,False,Female,90267,66000.0,53,0.25,23205.0,False,,,algorithm_risk_score
app_206,9839d1f97367b98a4f7fd185605b57b0647f07765923a96cbbc639f11b868bc7,ssn,False,55-64,False,Male,10003,72000.0,44,0.19,15112.0,False,,,algorithm_risk_score
app_207,9033c2eb75bf8bcdaf2b768851e436dde73aa180943a28a77df42fa68bacc7b0,ssn,False,25-34,False,Female,90201,62000.0,17,0.32,29372.0,False,,,algorithm_risk_score
app_208,a9f99546efb083507897d8b54ce28d281a23d82d54abc548a40c5dae67612ede,ssn,False,55-64,False,Male,10061,97000.0,92,0.34,21594.0,True,2.8,26000.0,
app_209,1124ec845411644897685e5da18fc0c7670f6bca98cd0a52105e6ee8dbbf7ce9,ssn,False,35-44,False,Male,10010,106000.0,51,0.15,51382.0,True,5.2,59000.0,
app_210,3ce21fbf7dcdfb240359554a273a9452634517a112582f5bff712397bca2f271,ssn,False,35-44,False,Female,90261,66000.0,18,0.42,41892.0,True,4.8,40000.0,
app_211,e443449e099a1ba7df0fa1b0240f7c641e8c9e28b36f624489b20bcd1ffaec49,ssn,False,35-44,False,Female,90222,112000.0,75,0.08,62775.0,False,,,algorithm_risk_score
app_212,20a4ec10edb398fb30af410b43299f258c73b428aa995d442d846ac47ae1b6f0,ssn,False,25-34,False,Female,90231,50000.0,25,0.2,20787.0,False,,,algorithm_risk_score
app_213,f4cc81a90153f5f00cd6d11ecc86b7379bb97f455f835d108a35cb57bda29fcb,ssn,False,25-34,False,Male,10071,54000.0,31,0.13,17081.0,True,5.1,56000.0,
app_214,46994e8f48fe8dbe725650b3cbaa74902c5c6e35ae01ee18e70381da9f3e02da,ssn,False,55-64,False,Female,90277,116000.0,84,0.31,41962.0,True,4.1,57000.0,
app_215,77c02eb375cfe8f8d9bb239f93dec362669d800eb4c7574d4cb9ebbf00e29420,ssn,False,35-44,False,Male,10075,61000.0,41,0.21,37909.0,True,3.7,59000.0,
app_216,f17539b39e862a1677f2629de5883e47a3ca286881a4ea75e82492d495443e2a,ssn,False,45-54,False,Male,10020,111000.0,77,0.37,61470.0,True,5.8,42000.0,
app_217,96da84814a41ebe3604b10294f7b2d99218d5e666857fe4a6c62114644243d49,ssn,False,35-44,False,Male,10079,91000.0,56,0.23,47092.0,False,,,algorithm_risk_score
app_218,8c9bd599f9a226634319d974229d78892660b3a28fb7c7ed3e601b45e964146f,ssn,False,35-44,False,Male,10083,80000.0,80,0.43,22276.0,True,2.7,29000.0,
app_219,34a33173baa676b8b4756b132b07b6d7afa1dffd88a04c81dac171f20a0545f9,ssn,False,35-44,False,Female,90225,99000.0,28,0.09,66409.0,False,,,insufficient_credit_history
app_220,a6ea5298927b42fc6e0a450bfb6caf9b28f7a5464deffe0c398716a211a56e30,ssn,False,35-44,False,Male,10034,121000.0,48,0.17,18326.0,False,,,algorithm_risk_score
app_221,45ab0c306b998ff25f464aa2468b50d1e758ffcd06718feb7038478475919165,ssn,False,25-34,False,Female,90247,59000.0,34,0.45,17248.0,False,,,insufficient_credit_history
app_222,261483fca7a35331e185717996bc5dc930771235fbe5717b69ee0536e44b59fa,ssn,False,55-64,False,Female,90299,102000.0,104,0.28,17483.0,False,,,algorithm_risk_score
app_223,a541ba3b2b649f1dd3199136909403d2ab664e2a73e62f9b869cfe9af60bc316,ssn,False,25-34,False,Male,10040,57000.0,0,0.26,4528.0,True,5.1,40000.0,
app_224,34a479dfc7cf72b05e6a5d520a97bcc261ffc679b9bb9a84eac212b4f058f13b,ssn,False,55-64,False,Male,10052,93000.0,81,0.12,53299.0,False,,,algorithm_risk_score
app_225,3feb4e4a170b6acab5aa5464b7a572b50f0ee9a800ab8f22f7200a4514582db1,ssn,False,<25,False,Male,30017,22000.0,0,0.28,3918.0,False,,,algorithm_risk_score
app_226,a102eedb332591b1ae6950dfce7e82eedc13cdaf77e7c48f7c1baf3b7d5aca42,ssn,False,35-44,False,Female,90231,148000.0,61,0.17,66276.0,True,6.1,46000.0,
app_227,b3506a78e1af8371e688b1dc99fa01105dddc85ad1ca6baa649e7e772cdf62bf,ssn,False,<25,False,Female,90257,44000.0,26,0.22,26111.0,False,,,algorithm_risk_score
app_228,f271daef463521d9bdffd8af6c4e2321c05794d6ac9b730f009c1d7fe2df5892,ssn,False,35-44,False,Female,90280,70000.0,58,0.42,25883.0,True,3.5,35000.0,
app_229,caaaf67361185cff13e0cf11bc2db5263772b6bcb202b6353599607f8381f726,ssn,False,25-34,False,Female,90289,39000.0,41,0.42,18019.0,True,4.1,38000.0,
app_230,569b657d4cc1ffb5cf94d0358ee0acca8d6cfbf9335efd65716b8a363f6aba94,ssn,False,55-64,False,Female,90291,63000.0,133,0.19,14427.0,True,5.3,71000.0,
app_231,e22799ac90aa413665f067956eea204dd531ab2b2ecc1fec4f43ff0660c53e9a,ssn,False,25-34,False,Male,10074,78000.0,40,0.33,31025.0,True,6.0,62000.0,
app_232,6bb6dc3068c8137560a896677d3c5518a7ebf45526214dc3ebfeffc119d2631d,ssn,False,35-44,False,Female,90218,129000.0,60,0.1,31187.0,True,2.8,48000.0,
app_233,5713c0d29db2d647b734da868952022ed0b35d7efba35e3097c770138937ccf8,ssn,False,25-34,False,Female,90232,70000.0,64,0.19,21220.0,True,4.4,42000.0,
app_234,8cdaa459325ca17cb697c5d5dfb1bbadfacd86423eb60b99a5f7701dcc14360c,ssn,False,45-54,False,Male,10090,96000.0,60,0.3,38703.0,False,,,algorithm_risk_score
app_235,f1c6e96de0eaa7628ff1c0cfc4614f4c7095359a854e988ca19f1e4be49999bb,ssn,False,25-34,False,Male,10012,22000.0,16,0.28,12134.0,True,5.4,39000.0,
app_236,ca7b7f26886513b7efa03b7803045f682232029728505e2adb775c5546a856a1,ssn,False,<25,False,Female,90296,62000.0,4,0.25,25550.0,True,6.2,23000.0,
app_237,48305347d899a4b7b0cd880ea25b62812c9accd50a364651f4b3d75959b8ccff,ssn,False,25-34,False,Male,10033,61000.0,30,0.33,20775.0,False,,,algorithm_risk_score
app_238,2dcf1d0e1b9fe61a2e9fd24393a22f5555d4673882c004574f6302cf9c48b958,ssn,False,35-44,False,Male,10057,131000.0,112,0.17,65612.0,False,,,algorithm_risk_score
app_239,7450fdc21920eafe60784f1c357d1da648428da07f5916fbb40d54a52d82699a,ssn,False,55-64,False,Female,90260,58000.0,118,0.25,10333.0,False,,,algorithm_risk_score
app_240,f2bb68fc69b8bc4855f69207de80734ee6f0e0de9ce1fd830141457ad125288b,ssn,False,45-54,False,Female,90209,130000.0,83,0.14,59062.0,False,,,algorithm_risk_score
app_241,b4753f72b06da02557fbc922450e3e33deda6c043e7695a240101b9a1dcce6a9,ssn,False,55-64,False,Female,90230,96000.0,103,0.44,31709.0,True,5.8,18000.0,
app_242,273b54278f620c0a689ef545d110a0ad362e2613f63c873f5640c93ea3dbe445,ssn,False,25-34,False,Male,90273,51000.0,84,0.42,28348.0,False,,,algorithm_risk_score
app_243,c6cd9eb19d7efb8eb9759b33d90bf33d2be0f5dc804970f92d65118c9fe29db4,ssn,False,35-44,False,Female,90293,113000.0,34,0.15,36980.0,False,,,algorithm_risk_score
app_244,88a6206af9aa7b987684ad8cef2d40f79cb91885c0973fa976c24f6af981e376,ssn,False,25-34,False,Male,10074,79000.0,56,0.08,17047.0,True,3.2,26000.0,
app_245,0dc11795b4391a4e8e4f49453243ed5410147f2ba00f7eb013ede323e73437a6,ssn,False,25-34,False,Male,10038,97000.0,30,0.26,26829.0,True,4.0,44000.0,
app_246,e0cd4923507db8f8b8dd04f08293cb56fd5220001f5e13276b3cecc77c77463e,ssn,False,25-34,False,Female,90223,82000.0,31,0.29,21809.0,True,2.8,38000.0,
app_247,618d63eaa0602d5a13fa68633168f3a97865c12618ff2736d09df889c99cdc7c,ssn,False,25-34,False,Female,90231,64000.0,0,0.21,22335.0,False,,,algorithm_risk_score
app_248,3d356e9551ea4121d7196a2dd553e2ac0fa7c558a98b5966bf44e0d2202c2a46,ssn,False,55-64,False,Female,90258,84000.0,111,0.2,41525.0,False,,,algorithm_risk_score
app_249,f61a8f10bf70b98458b7478fae2c229873294fdfccaadb49834dac27311d8c46,ssn,False,65+,False,Male,30043,121000.0,82,0.08,44322.0,True,4.7,73000.0,
app_250,34b2a09e7695806d119c46704644e8ef77ba398d53e36ab7e3a86991e5226994,ssn,False,25-34,False,Male,10048,68000.0,37,0.06,48618.0,True,5.6,33000.0,
app_251,2b6f179705bfcca0b7956901d3bc63a5c16e808d6586f184789f55c74d794fbc,ssn,False,35-44,False,Male,10096,98000.0,19,0.31,27789.0,False,,,algorithm_risk_score
app_252,e408668583d59051c7540f7c3dca7124ab6c913cd85d79db122668a4c82e9f56,ssn,False,<25,False,Female,90270,31000.0,29,0.44,10534.0,False,,,insufficient_credit_history
app_253,02e7517e5305e2520bd9d5241f52c4c75372e9d6c991eb929aebca85b184de34,ssn,False,55-64,False,Female,90241,93000.0,91,0.29,27309.0,False,,,algorithm_risk_score
app_254,b768cd5ede3a62c7f6a5f1f28364c20a3740c640d3833027a30c54e452644a15,ssn,False,35-44,False,Male,10003,77000.0,31,0.4,29666.0,True,2.9,46000.0,
app_255,f3e917b3c9e3c5af77b52590e30b686a4a1cb53c39e4dc91dbe7029c7835ad04,ssn,False,25-34,False,Male,10083,59000.0,32,0.07,13853.0,True,4.8,55000.0,
app_256,dea7ea24d0cb33a5e6cc4bf788ef14bbb398f1f6b22188d735cb0217dc072ec5,ssn,False,25-34,False,Male,10051,55000.0,18,0.23,13079.0,True,3.7,69000.0,
app_257,8a6285b61f32108a54025edbfb19aad990152b8441c4cdfc23b3da9cfe4bbc52,ssn,False,35-44,False,Female,90252,68000.0,38,0.33,8646.0,True,4.4,58000.0,
app_258,36bec4f6cf0efaababc0d56bbbf53749ec01cda7239e09a0686c4c3bd5388470,ssn,False,45-54,False,Female,90273,71000.0,119,0.19,21151.0,True,6.5,73000.0,
app_259,32186eaaba52d87b2421b1492e9662e7aa966790a0fbc5b0df9268618d9d1235,ssn,False,55-64,False,Female,90260,94000.0,92,0.27,54425.0,True,6.0,44000.0,
app_260,1c801f7dc15cb9c66e510d7455d8338681ebd541e33539ab958ea7cbb071d4ec,ssn,False,55-64,False,Male,10035,36000.0,66,0.2,1358.0,False,,,algorithm_risk_score
app_261,0381f443034c47c8ad21beb3e6be75599a51c740374dd5cc8820dfcf8be65235,ssn,False,45-54,False,Male,10041,63000.0,59,0.38,23287.0,False,,,algorithm_risk_score
app_262,3f420d0b0aa2df94f9f9e23e4c3809416631470181d32d3f051b5b6d5a91cf85,ssn,False,25-34,False,Female,90264,46000.0,38,0.09,18075.0,False,,,algorithm_risk_score
app_263,79500ac891eb92541d72a59665f45f55f4f512d22bc555f925b5d07258d573d4,ssn,False,35-44,False,Male,10055,153000.0,64,0.07,39627.0,True,5.0,68000.0,
app_264,f4978c753630310fbd6d84a9044b1a509994575f84304af1624df60033f48ad2,ssn,False,25-34,False,Male,10063,50000.0,19,0.23,17902.0,True,4.3,39000.0,
app_265,38f026e6f808bc4f01765396d7daf86dcbbfc3bf804d2fc272f7b6fd97794ba9,ssn,False,55-64,False,Male,10044,57000.0,67,0.14,12651.0,False,,,algorithm_risk_score
app_266,6c88fddaae9f9385845c4efa2343c1ce9fc59936693c3c788bb80a0b8f28117e,ssn,False,25-34,False,Female,90202,46000.0,16,0.13,20079.0,False,,,insufficient_credit_history
app_267,99261f597d69c81fe7d6afaa3034cbc322177be79e4d6dfa7962ac4ec9390438,ssn,False,45-54,False,Male,10056,82000.0,65,0.19,40258.0,True,6.0,63000.0,
app_268,aa35d6e3963d5349d220fe60e830f8513b372200d0466692d3737fa1a3c6a3c7,name_dob_zip_fallback,True,45-54,False,,10005,112000.0,102,0.07,54823.0,True,3.4,41000.0,
app_269,51f5c42430db95da889f5fd9744081b32e668339edc91287ad88f415d9653c1b,ssn,False,35-44,False,Male,10009,152000.0,44,0.32,88078.0,False,,,algorithm_risk_score
app_270,63cdbca7a3d2291037362a3a3ae6a7f99ae50ef4fa20cf55fa42ff127405543a,ssn,False,25-34,False,Female,10098,58000.0,78,0.24,14687.0,False,,,algorithm_risk_score
app_271,3ab5c20aba2d2876ce1b67b75d90ec376ac2aa1ba3de26bba7221a2dd3dc922b,ssn,False,35-44,False,Female,90273,95000.0,44,0.35,34950.0,True,5.8,17000.0,
app_272,65d8c8171a02ba632d21413ff4675eb1320f421bea6def57da78e78306fba818,ssn,False,35-44,False,Female,90227,79000.0,70,0.41,34365.0,False,,,algorithm_risk_score
app_273,9c513de6c1f2da671e8f734c14750dbdb006b7aaa80ebab50ccef73dbcb91418,ssn,False,25-34,False,Male,10033,82000.0,88,0.26,24454.0,True,4.4,44000.0,
app_274,12b0d613e12ea2ba64048e355111ca9ef2c6102e05175e0efe4f73a348dcde9d,ssn,False,35-44,False,Female,90235,89000.0,51,0.39,27953.0,True,5.6,65000.0,
app_275,bf9cace235a88fa87a38d886fc456ab9ffeeae85dbb4d5d37e39a001e73ff657,ssn,False,35-44,False,Female,10019,110000.0,33,0.05,49933.0,False,,,algorithm_risk_score
app_276,bfaba56d0d9cc5f84a10ff794469679eed44f0a4db3e5f057e3eae42a9f5e243,ssn,False,25-34,False,Female,90260,30000.0,0,0.13,3388.0,False,,,algorithm_risk_score
app_277,1d131ec5f559b1b8a5219dd99fa5ed60f3b411c2444b07e1cc6a6b8c0b6e90c2,ssn,False,65+,False,Female,90206,75000.0,108,0.14,22838.0,True,6.4,23000.0,
app_278,f98ce6cf9698bf850b30265a8fb15671205b2976692d5524107c7a2613d98d32,ssn,False,25-34,False,Female,10024,56000.0,0,0.28,9221.0,False,,,algorithm_risk_score
app_279,a7c1cd6cda9f96f57b819e894cd3c569c1460f3aefd199dcd1cf492ece8f73b4,ssn,False,35-44,False,Male,30012,75000.0,76,0.39,4974.0,True,5.4,15000.0,
app_280,77f22646bcd8fa1fb44d83705ae773b52c0288c315272644a920b654885c35e6,ssn,False,35-44,False,Male,10046,57000.0,13,0.24,14728.0,False,,,insufficient_credit_history
app_281,a2a3a12c3e1da5edb94564db2c7612a61eb9a069894b64512a8b36edd6f6b6f0,ssn,False,35-44,False,Male,10071,99000.0,26,0.29,39634.0,True,5.9,47000.0,
app_282,c891e3399642d4cab939cc102075820b457b6152f79f74b35e5a9ff6abc9ebfd,ssn,False,45-54,False,Female,30017,118000.0,66,0.07,32286.0,False,,,algorithm_risk_score
app_283,2fd3408faf916c3df5722f65eb3da659987dbcf4f23dae9158cf8adf28c57321,ssn,False,35-44,False,Female,10055,70000.0,5,0.09,34596.0,False,,,algorithm_risk_score
app_284,a3a5c60b67161e4708d8ea86dcfd3a18cf3fee75086b8cc5070b501b86ee69e8,ssn,False,25-34,False,Female,90276,56000.0,14,0.08,17759.0,True,2.7,52000.0,
app_285,2e1f97b3dfefffa78a43bd7171c4cd7c379440b167ec422449ad78ca981ddfed,ssn,False,35-44,False,Female,90226,75000.0,16,0.17,13622.0,True,2.5,48000.0,
app_286,bb1ce13db6cffd27a4a7f020b852cb8adf652eb86bcafb363534a2778d0a88d6,ssn,False,25-34,False,Male,10048,85000.0,0,0.22,17452.0,True,5.4,46000.0,
app_287,5e12413d8b8646ba1bbf37aaba455bd220bc4e7043108720a9efcfdaa507a76f,ssn,False,45-54,False,Female,90285,105000.0,82,0.35,31931.0,True,6.1,43000.0,
app_288,c63ca62073061a8eb5117908a47c272c14333effef24152fa983bf7f092ce53e,ssn,False,55-64,False,Female,90252,88000.0,71,0.27,23054.0,True,5.5,67000.0,
app_289,2d3fa4c5dafdb8db2e2f690190dd882f6db821b6a76ed90b8862b7f4ad2e7088,ssn,False,45-54,False,Male,10080,77000.0,93,0.42,33650.0,True,4.1,29000.0,
app_290,c1ba9e6282a9ae6ecfe16622fde4d01e73d4329401c577d6fbbfc779787fc072,ssn,False,35-44,False,Female,90221,104000.0,39,0.27,,True,4.3,49000.0,
app_291,7a1113d8ad240437a5831c79af7332a5175e49ddec22845ab90a8961273cc050,ssn,False,35-44,False,Male,10070,79000.0,44,0.41,19247.0,True,4.3,67000.0,
app_292,a815fbbf83f6ac7a01b68f318223b9902d9e5a0096bade0bc609364f555a5a6b,ssn,False,35-44,False,Male,10002,105000.0,125,0.24,63682.0,True,5.5,53000.0,
app_293,a5ba4a2fe2673af32b2b0d5dbe9fe8f76014b718fc86bfcbdc4b4434822e1670,ssn,False,45-54,False,Female,90246,102000.0,95,0.08,16304.0,True,3.4,46000.0,
app_294,44e2a54f8d13a60218da768aa8a7903683942e8f3d4e5a1b739672fe16059750,ssn,False,35-44,False,Female,90298,120000.0,15,0.36,36582.0,False,,,high_dti_ratio
app_295,c9fbb91323c31da184a13c3ed93a867ebec63b166685d17153b445f9a8687f22,ssn,False,35-44,False,Male,10070,98000.0,56,0.3,47469.0,True,6.5,18000.0,
app_296,8a399e585a265a4295cd922796e4225628c6be9b6e2e40c75ba2b8f18e9ec65d,ssn,False,35-44,False,Male,10072,103000.0,57,0.45,44538.0,True,3.6,76000.0,
app_297,5ca6a48fd57a0bece9731bbdf9943f3abb9f46fdccf46af0c9c576687655792f,ssn,False,35-44,False,Male,10028,81000.0,84,0.38,30102.0,True,3.5,58000.0,
app_298,4493314a5a23f1d33e80c29e72fbc58f8ca093e516d19cc2ee52461ec7518aef,ssn,False,55-64,False,Male,10089,94000.0,129,0.4,44612.0,True,3.5,57000.0,
app_299,db5c8f8a3f5fec715012e8766d8429c365ffdf753036adf90efb128d055d4791,ssn,False,45-54,False,Male,10054,64000.0,58,0.18,23101.0,False,,,algorithm_risk_score
app_300,17a8bb99e131a6def8a3c38d6741bd05c6658a68090dafc41c9b3f47caeb6f6e,ssn,False,35-44,False,Female,10094,75000.0,0,0.39,40180.0,True,3.5,36000.0,
app_301,8458488788f8ed599974d5973c91484f0bfaa4b2e2f3cb9c340d045e5f7edf4b,ssn,False,35-44,False,Female,90226,65000.0,50,0.1,28502.0,False,,,algorithm_risk_score
app_302,5e4599d976b5cec7d13bef2d3fccbc14992a193f93e1edf9440dcd7e891c8608,ssn,False,25-34,False,Male,10016,60000.0,53,0.29,27973.0,True,3.0,21000.0,
app_303,71e0ec0a9c60dd9498aee3e75ee1b4c29853ff4ca7b96f3c6cf5f0f3c30540d4,ssn,False,25-34,False,Female,90281,41000.0,67,0.41,9650.0,False,,,algorithm_risk_score
app_304,60eb0a6dc822bc0e63484bd262081bc6a0004b0cef5c5de0da1f084883c37584,ssn,False,35-44,False,Female,90208,106000.0,69,0.2,51392.0,False,,,algorithm_risk_score
app_305,ab5ca94d13c8e23c6bd6d373a4887b1e77bf5e706caf9f92410b131797b2b728,ssn,False,35-44,False,Male,10084,100000.0,30,0.07,44145.0,True,5.6,49000.0,
app_306,496a184227b99868f0a785d0884a38f1c98609e05b4c64b24ffd8581c9d11c54,ssn,False,45-54,False,Female,90227,106000.0,80,0.29,63560.0,True,3.1,57000.0,
app_307,993b35d6177be6c11c78efdedff19a8132fd2a94ccf4d6296858e39f8ddcc7c8,ssn,False,35-44,False,Male,10097,53000.0,83,0.1,17420.0,True,6.1,57000.0,
app_308,3590384837ebe3a05ea558068bcd78b8a763d28050d72ef165ad92b3b1f402e9,ssn,False,35-44,False,Male,10004,100000.0,37,0.33,44154.0,True,5.2,76000.0,
app_309,72895506307a272af821388ffeb1903638ef987f8da58e19f9a8b8b760ba1c8a,ssn,False,55-64,False,Female,90250,63000.0,99,0.37,21769.0,True,5.1,72000.0,
app_310,51d8d92482ea5925d3b0143be76f66d4d37814798c43d7044518ab89ccf93c33,ssn,False,35-44,False,Female,90284,63000.0,27,0.37,18949.0,True,5.9,50000.0,
app_311,ee1003a987e316d1aaf0b038f99d0d07559cea68ef86bd34c08be5c2b05e931c,ssn,False,<25,False,Female,90234,85432.789123,22,0.43,11285.0,True,4.2,44000.0,
app_312,e303fb4660137d9fabf028598b60fb4d717efb70296aaa06138a6bfd1fe9d01c,ssn,False,25-34,False,Male,10079,80000.0,0,0.39,12438.0,True,3.3,23000.0,
app_313,cd83e4ba9960621be99b7548e71f24aba3048f7db7df4accc84abccd56614b52,ssn,False,25-34,False,Female,90298,112000.0,15,0.08,39223.0,True,4.6,52000.0,
app_314,b3f020e05f188b104869c955292c513e62fd33768a264c656006ea095fb4d6e7,ssn,False,25-34,False,Female,90266,73000.0,31,0.3,19081.0,False,,,algorithm_risk_score
app_315,6485ab94a5b449399e41f734e6f965c99f9b6a40d66df1007e0ce1537d93f1bb,ssn,False,45-54,False,Male,10027,81000.0,47,0.23,30944.0,False,,,algorithm_risk_score
app_316,45540d5e0141bef671171d0402e7dab99476ccd86e80419f80d7fc13bdaed560,ssn,False,35-44,False,Male,10003,74000.0,16,0.3,25959.0,False,,,insufficient_credit_history
app_317,b591e1e027db46450b0b16d1bb16808ebdb959c3cbf85b109b67689fd724c0b3,ssn,False,35-44,False,Male,10057,45000.0,105,0.22,19039.0,True,4.9,80000.0,
app_318,00fab4ade2bf075360166573104ac16eea6259aab2719a79ac2a5e5b63d5b0af,ssn,False,35-44,False,Female,10011,68000.0,40,0.08,21717.0,False,,,algorithm_risk_score
app_319,af486cb3ebb75cae4f8f6749a494e488354c2dd51eba58a46812437759f728c7,ssn,False,25-34,False,Female,90211,55000.0,33,0.26,12428.0,False,,,insufficient_credit_history
app_320,d8e8b540119645b900adf719399ef18868d1e23245cb13d9e4140a460e7e42b5,ssn,False,45-54,False,Male,90286,168000.0,58,0.35,13088.0,True,5.9,71000.0,
app_321,c9fdce54da2245dbfff09825e14c60e148e0470ee22355e671a651238a7d7ce3,ssn,False,35-44,False,Female,10081,74000.0,77,0.07,26411.0,False,,,algorithm_risk_score
app_322,f83fe617d1898b704993bfb84831dd92800424996051dc6d20b44cab954cca2b,ssn,False,25-34,False,Female,90246,84000.0,0,0.42,12426.0,False,,,high_dti_ratio
app_323,11d17f8fddafb91e3ed851d3723eed3551eddc36fb17fd78b61446eebf924f76,ssn,False,35-44,False,Male,10090,113000.0,92,0.4,27746.0,True,3.9,80000.0,
app_324,0dd50910dd2badfa512d6e093f085b8afe2eefa725a7a1c64ec651822f3edcff,ssn,False,35-44,False,Female,90250,96000.0,89,0.16,25814.0,False,,,algorithm_risk_score
app_325,c18cc3291be5a41ceff04f5e63c5bad6bc036adb5c80d35945efa625b35dfef2,ssn,False,35-44,False,Female,10043,79000.0,63,0.39,27810.0,False,,,algorithm_risk_score
app_326,b7ad52ef5f30723bd674e6f32e0005a0948d4fed934bb1467a62b1408294179f,ssn,False,35-44,False,Male,10075,42000.0,2,0.4,12444.0,True,3.7,47000.0,
app_327,ca5f0c22801f2b31d0e72e886d619e0ca09b0f201ef541eb9a20cab2ad95da07,ssn,False,25-34,False,Female,90261,40000.0,72,0.2,14626.0,False,,,algorithm_risk_score
app_328,787a2fd52fb1d19f81b89cd1fa8615705971210de187b4bb3be078cad67ca220,ssn,False,35-44,False,Male,10076,93000.0,28,0.12,35502.0,True,3.7,66000.0,
app_329,6bd7f78ab2e2505e4b0879dc763030c4de93265e6fe16f1c9d8bc8f5e6853938,ssn,False,55-64,False,Female,90247,55000.0,85,0.42,20278.0,False,,,algorithm_risk_score
app_330,b2120c490f80707d1e0784bf8a84afff1b13a9cab84f46090893bb81618fba56,ssn,False,45-54,False,Male,10026,136000.0,1,0.28,35500.0,False,,,algorithm_risk_score
app_331,7b2705e5524bcc6619ce33a981db2e084e567c8a5f01066152c47b8ecc2061fe,ssn,False,45-54,False,Male,10083,88000.0,64,0.29,27261.0,False,,,algorithm_risk_score
app_332,decb2619c99e8aa00159836da62087aeafcc5da74052ef5fbc20e5b8f2a4bb6e,ssn,False,35-44,False,Male,10025,119000.0,70,0.19,43950.0,True,6.3,52000.0,
app_333,b806ef7abf9315427afba9cd8c5a81553dbeec2bec4825d64d0d456c2123ae23,ssn,False,35-44,False,Female,90254,85000.0,48,0.19,20643.0,True,5.3,73000.0,
app_334,3927389a8dc00797e735cfc7c3486b0b655f451d9d7a184364d1acb778869cea,ssn,False,45-54,False,Male,10004,83000.0,29,0.1,42204.0,True,4.4,57000.0,
app_335,6a18ec999aed78a32375597ef9cb95a6ffb6ecec64ddec4e9ffafcb081916815,ssn,False,45-54,False,Male,10092,83000.0,75,0.16,57065.0,True,3.9,24000.0,
app_336,8aa1ff7f967148ab890a54672c2bcf2cdb7fcf79f67b2fbccfa088969baaa130,ssn,False,35-44,False,Female,90293,116000.0,39,0.09,27855.0,False,,,algorithm_risk_score
app_337,9cde37c9602a2b7abdd81a04d385e19259dff0f19a15b90d5a8d3c3c9a58ce15,ssn,False,25-34,False,Female,90237,100000.0,60,0.41,56840.0,True,5.7,45000.0,
app_338,cd847e29543deda5367217886b28bf58a4860ed21dc5db66ee5554a68eb07765,ssn,False,35-44,False,Female,90285,132000.0,82,0.14,42137.0,True,5.7,67000.0,
app_339,ca7fdcab75d95a8564e6e567dcb756d99f70500532f748c047cc451ed2b241e4,ssn,False,35-44,False,Female,10081,107000.0,25,0.23,36367.0,True,4.8,15000.0,
app_340,caf8c442cba351fdc8cf70492d02b5d0a37ce5f5381c017ab8f4cd1f0d420a3a,ssn,False,35-44,False,Female,90238,107000.0,56,0.18,45341.0,True,4.3,33000.0,
app_341,6464b21dc68090cce645c1d142c36f77115bf2fa2469a9fa27cab38192b5979a,ssn,False,25-34,False,Female,10035,63000.0,50,0.21,15639.0,False,,,algorithm_risk_score
app_342,df783bbf41cabf626b61702de3a45b3e22eef96864dce7f65acd6fd8684dacfc,ssn,False,35-44,False,Male,10070,45000.0,17,0.06,622.0,True,3.3,74000.0,
app_343,27b98794b1c4ef8f3b8c95bda4c1cdc077438254457dcf959aa0b4743a20eb82,ssn,False,45-54,False,Female,90275,96000.0,26,0.18,33687.0,False,,,insufficient_credit_history
app_344,21b472cb3ecf3b41c5e0e1f0d0a8a5736586c84977e6bbdf3f0dce50cad7e6f1,ssn,False,<25,False,Male,30029,27000.0,39,0.1,3885.0,False,,,low_income
app_345,98b7b915679e283b96caffd08ff61ae978b6c86702f868346d7911307535dd18,ssn,False,45-54,False,Male,10041,60000.0,42,0.34,25288.0,False,,,algorithm_risk_score
app_346,4031a58808ce2592b1271978fdf20d08d4dfbbc7ba2ea9f0edc4e29b2fdee91c,ssn,False,45-54,False,Male,90276,140000.0,60,0.25,38125.0,False,,,algorithm_risk_score
app_347,f95a810d085bd0130f2ea55d8ed3d6c22bba7f889f273e73f298d6c9e3b07476,ssn,False,45-54,False,Male,10094,80000.0,42,0.38,17742.0,True,6.3,38000.0,
app_348,3da96adddd1cceb88b8610319aaaddc28e44cd5c7e039c9e828d8e1e26222329,ssn,False,35-44,False,Male,10080,55000.0,5,0.41,13794.0,False,,,insufficient_credit_history
app_349,1fb87329ec23d76578593a86e0fbe3c107b917ab7cce70262469724458f768a6,ssn,False,35-44,False,Male,10087,78000.0,44,0.34,8641.0,True,6.3,19000.0,
app_350,6eb480c34b2dc9d68d557e77da218a0e03b55621833bdb7b34689f25b8e7ad2d,ssn,False,,True,Female,90291,89000.0,52,0.2,14377.0,True,4.1,67000.0,
app_351,4ade875f7c5475fec638c216730e834fb740f4f64c93d696a6758997d897b020,ssn,False,25-34,False,Male,30029,67000.0,9,0.12,26062.0,False,,,algorithm_risk_score
app_352,202c3ac277870524462b22d454f419cbfbcf45fdfde0cf3e5ce0aef4fc7ae385,ssn,False,55-64,False,Female,90209,104000.0,110,0.32,25826.0,True,4.4,58000.0,
app_353,035e28246b04c9f6a81bb30c18db403d17f4a013e3ab663feb1a0cae360f7f59,ssn,False,25-34,False,Female,10069,73000.0,26,0.24,23924.0,False,,,algorithm_risk_score
app_354,1744131e2163d73f622374adc137318e9c2811816a611f15419ad57434f54de7,ssn,False,45-54,False,Male,10066,89000.0,104,0.33,47231.0,True,4.7,44000.0,
app_355,4dfa0aea0f6ee13d9477bc924ee036fff7b6b7d678c86c78ffb3df59fd30983e,ssn,False,45-54,False,Male,90225,100000.0,73,0.35,42888.0,True,4.6,24000.0,
app_356,abd2c8aef2284f8cc608f147bf6ad8cad853c0e0ce0c688dd8a286f6105ce42f,ssn,False,35-44,False,Male,10058,69000.0,67,0.4,28596.0,True,5.9,37000.0,
app_357,f3acf2baa55cb2eff21d504cab88e647ebb97774a1f990699cd0916fbcf54d31,ssn,False,25-34,False,Female,30007,76000.0,3,0.09,33537.0,False,,,insufficient_credit_history
app_358,31659e8965d7f4100bf413bb1827c5634d5cbc1eb4d0fb847c419757b39ea36f,ssn,False,25-34,False,Male,10060,70000.0,47,0.35,6989.0,True,3.5,80000.0,
app_359,98849850b885ad0bd62ae6609955456ab3c985b3afae2472fc227c4e8d5012cb,ssn,False,25-34,False,Female,90233,65000.0,43,0.18,13540.0,False,,,algorithm_risk_score
app_360,9c0d7bccc1d52214ca8bacc98adef21ab4711209ae6f666264f89e0a70326d67,ssn,False,45-54,False,Male,30007,107000.0,104,0.13,31281.0,True,2.8,53000.0,
app_361,13f6dec6b30df6c986adf918b92487ef9199dd1ca397d0a4c18e032394e530ec,ssn,False,35-44,False,Male,10013,140000.0,19,0.2,54813.0,False,,,algorithm_risk_score
app_362,6d38238bbf6e14bf6b2feb709e3efe4e2fe123c189796cfce0bcbc44bdae6428,ssn,False,25-34,False,Female,90279,70000.0,18,0.1,35720.0,False,,,algorithm_risk_score
app_363,22c91367bd100eb1fc300d46311f58a86b087787e001fcf4fd978c88f0565c58,ssn,False,55-64,False,Male,10039,86000.0,74,0.11,28378.0,True,6.2,37000.0,
app_364,d1082c06f0e801d4d4a8453afad9f781f0774e108ec9a32d57ddb7e11f0415e4,ssn,False,55-64,False,Female,90270,69000.0,49,0.27,36070.0,True,6.2,27000.0,
app_365,ededf1fce84812cc46c94238a1cfe4bd5c9d795e519589dfe65914379be8fc94,ssn,False,35-44,False,Male,10043,79000.0,53,0.08,10899.0,True,2.6,29000.0,
app_366,2a2f67eafe45112e391539ee5883a770f31c8d1b27cdd511f6290489afdb814c,ssn,False,35-44,False,Female,90211,45000.0,47,0.34,19272.0,False,,,algorithm_risk_score
app_367,f7e0fdb377379a6e06e87174c293c041b07fcbcaef9837486a95ec0ba3172c1a,ssn,False,45-54,False,Female,90212,97000.0,64,0.33,36196.0,True,2.7,76000.0,
app_368,fbc07da2b671077b7ff6b7940c5faf2e5f13f28e222df430dc26182ea10cf20b,ssn,False,25-34,False,Male,10045,29000.0,0,0.22,5045.0,False,,,algorithm_risk_score
app_369,cf5af135b4cefb57fb62898fcc6a3d6bffe93f5367450d8de559d5111558db7a,ssn,False,35-44,False,Female,90259,102000.0,35,0.17,33980.0,False,,,algorithm_risk_score
app_370,aae71f13c8a16a6b5b6b73553ecb99a2437919bead1d7d322a0752b7bef9d905,ssn,False,45-54,False,Male,10005,126000.0,41,0.05,60601.0,True,5.9,48000.0,
app_371,50751a3d062107bbb6e9fe3bbe063d1d701177f6d2217b0768530cde08b300e5,ssn,False,25-34,False,Female,90250,76000.0,12,0.11,59032.0,False,,,algorithm_risk_score
app_372,ab60ed0794c6f2234ec55b1f1e76adb3fedd945ca97a0c2d062879bd778d34b8,ssn,False,55-64,False,Female,90229,77000.0,115,0.22,22843.0,False,,,algorithm_risk_score
app_373,dbf2ac6f49f652b715e1c9d953c0d56e52059f5980a32cc2580ba070fc5eb560,ssn,False,35-44,False,Female,90273,84000.0,5,0.3,19050.0,True,5.1,37000.0,
app_374,b76f0d53d3c19a1ae3d2b650ae8239d2adb822a101147a5216ec8b8e01d471a0,ssn,False,55-64,False,Female,90294,81000.0,41,0.17,13259.0,False,,,algorithm_risk_score
app_375,e6244229ed880ea30a23de4952f24c865cfc626fdeab09d55cef456a63164443,ssn,False,35-44,False,Female,90279,120000.0,64,0.37,50611.0,True,5.9,17000.0,
app_376,49ff01a1f40b0c818c28477f28d13272a7eba5712c907b2c759d6567de664aa2,ssn,False,55-64,False,Female,90283,82000.0,96,0.2,33059.0,False,,,algorithm_risk_score
app_377,ba8fa7eca75bab512b890c4d549d3f9016fe651fa706c7132d3cddb9d79d00a0,ssn,False,35-44,False,Female,90237,116000.0,9,0.19,48943.0,True,4.5,40000.0,
app_378,35a1620620950605c6f250b435b55229ee4c81b41ee6cf07d459ada73d5f5372,ssn,False,55-64,False,Male,10034,131000.0,48,0.18,63712.0,True,4.3,56000.0,
app_379,55daf43859763a2ba1b47ffb2856a692f9c0a9a17fcc3527753e2ab1904da3c0,ssn,False,35-44,False,Male,10019,103000.0,31,0.42,44360.0,False,,,algorithm_risk_score
app_380,863b28c7986e496cf8bd09d16cb47972b767633b2a7d087c7947e42d4656a2f3,ssn,False,55-64,False,Female,90294,86000.0,48,0.08,26763.0,True,5.7,19000.0,
app_381,968de30ddbcacc1f2b313e0b7ed4318f9295f2eed5afe46ead124562f90c3615,ssn,False,25-34,False,Female,90209,82000.0,51,0.19,32404.0,False,,,algorithm_risk_score
app_382,fae5174e4d815a8ed9afc7a4db6f5e6305a6fde9db1da99e2942d744ea7693e3,ssn,False,25-34,False,Male,10091,102000.0,12,0.42,26781.0,True,5.8,22000.0,
app_383,167c7402a095c828e37d9acc7ed3d3797e21fc832b771c53cd6546e3cd53af30,ssn,False,25-34,False,Male,10058,62000.0,0,0.38,23113.0,True,4.9,43000.0,
app_384,fb642f085c626477b7f2f1e90f4b4610d925b9080289832b70da2fb3e5bf0fad,ssn,False,25-34,False,Male,10004,46000.0,3,0.06,9529.0,True,2.6,60000.0,
app_385,719a6ef4f60ae14ad390e60c6544b077e77e503aae7cac78f44c49632f43dd10,ssn,False,45-54,False,Female,90210,86000.0,44,0.39,27401.0,True,5.0,76000.0,
app_386,9692c46751ab86dfad4db179068563209ed1e31e0da4fb1b5048411a4f3824aa,ssn,False,55-64,False,Female,90283,84000.0,96,0.35,41312.0,True,4.7,66000.0,
app_387,6fd633f90039158359e53c9f099e32845649cd2a39c549ef3dd292a38f94d9de,ssn,False,35-44,False,Female,90243,83000.0,46,0.41,17222.0,True,5.4,23000.0,
app_388,5cb5ed691206449e9bd449745cbc23407e6aceadfc26e73ac14c066314124cb4,ssn,False,25-34,False,Female,90296,100000.0,8,0.22,15898.0,False,,,algorithm_risk_score
app_389,59deaba5255659b07a8646d5f55a285cf2bc2e86505447151d04c5e9211fa07a,ssn,False,<25,False,Male,10001,51000.0,12,0.33,17638.0,True,4.6,70000.0,
app_390,7e9cdacd94f733451e0c5dff5d327bb554e1579623bd4e45357d5393ecce3965,ssn,False,45-54,False,Female,90224,68000.0,68,0.2,12310.0,True,5.3,63000.0,
app_391,737d8c37150b51fc1253cedf7ed1336d85a65d76d414e4aeb077565fd89853be,ssn,False,55-64,False,Male,10044,69000.0,131,0.19,37029.0,True,4.9,65000.0,
app_392,1ae4279ac47f697b837e1d5962ad85826335ec15352dd9b2f85aaae795ee0a50,ssn,False,25-34,False,Female,90217,56000.0,0,0.16,25551.0,True,4.5,39000.0,
app_393,6555d1dbd739c1b39d462fda731eeb4b2024c518f38bf32d46b9fdf7ea764c33,ssn,False,25-34,False,Male,10048,58000.0,21,0.14,10886.0,False,,,insufficient_credit_history
app_394,e444f0ba3f57d97ee7d1d1113db9c2750b5382cf307a0f84b145bedd94236cff,ssn,False,25-34,False,Female,90271,61000.0,54,0.16,16646.0,False,,,algorithm_risk_score
app_395,a2195bc1f91f467bfeb3403f24e3c6324980151c45a5eeeab45f3f4955963788,ssn,False,35-44,False,Female,90226,151000.0,3,0.08,72478.0,True,4.2,46000.0,
app_396,17d4191cebe5c115c4b9ff6db550f18ac6b832feb623f058ce51058e729d3fa9,ssn,False,45-54,False,Female,10027,96000.0,124,0.2,33232.0,True,5.4,40000.0,
app_397,417f3a3c8f8e69cafa43b64b7c901ab286b749d132d0b2e3285d3cd19fe3123e,ssn,False,45-54,False,Female,90295,133000.0,113,0.35,39164.0,True,3.0,63000.0,
app_398,2f322f09e9d458f773a80cd90e615c6f91b42cf3bbb9f47839646c2761207a3b,ssn,False,55-64,False,Female,90272,58000.0,92,0.14,20917.0,False,,,algorithm_risk_score
app_399,6768b307357feebb34d81f04fde8ee7454f111f8acb95535ba8b7331973c2696,ssn,False,35-44,False,Female,10083,112000.0,116,0.31,34612.0,True,4.5,50000.0,
app_400,74d89e4a97ef2757dc2a0672eaa76cb54c369858b121928d13521140dfc41726,ssn,False,25-34,False,Female,30034,48000.0,0,0.28,5953.0,True,4.7,27000.0,
app_401,6f8b474fb28ee024106e0aa67417cb1717e92c2804d393299468c7040fd2935f,ssn,False,45-54,False,Male,10038,103000.0,29,0.39,21830.0,False,,,high_dti_ratio
app_402,b9a2614f39ea4b2f78561be22a7f97811b678ce153f4fcea1195bb82429e64a9,ssn,False,55-64,False,Female,90214,88000.0,27,,37281.0,True,3.2,17000.0,
app_403,b3b67491cbc750d9e747bb30dd86157a9b4f994af7a719bfa087fcbb6eb3d42d,ssn,False,45-54,False,Male,10054,138000.0,96,0.09,55499.0,False,,,algorithm_risk_score
app_404,c0b8f5516b16123fcab927a42510c03d2127d8214b4bb89bb76da2507e08c0ea,ssn,False,35-44,False,Male,10017,91000.0,31,0.32,2729.0,True,5.9,69000.0,
app_405,f75467cdbc13fc509f7ccb43a86b55104910f3a969e16565af622ca740ae0520,ssn,False,35-44,False,Female,90202,48000.0,13,0.38,964.0,False,,,high_dti_ratio
app_406,bd222ff331a2e56b9aa80984dc0e2ef9e022ade508cb4680c44b23c5729233ca,ssn,False,45-54,False,Male,10099,106000.0,56,0.08,52422.0,True,5.4,18000.0,
app_407,69274603a1cc0622c0b607b2f5753fe2827dfe30da97f2db095f2aa0f4112cbd,ssn,False,35-44,False,Male,10076,74000.0,31,0.26,32341.0,False,,,algorithm_risk_score
app_408,7379d753026c22fb8619b8414c49264a4f63a266288e8e5ec3b148dae43b02df,ssn,False,55-64,False,Male,30022,74000.0,53,0.38,29820.0,True,4.8,37000.0,
app_409,18ade6c419b60dda60a58f230788ab271a031a67cd2e5d06ef4ca30bd273580a,ssn,False,35-44,False,Female,90292,100000.0,70,0.18,15473.0,True,2.8,20000.0,
app_410,79fa391a635d162a7a26ae3312271ff7cd28c3fada22d476856e695ac49df6ed,ssn,False,25-34,False,Male,10051,66000.0,6,0.24,30498.0,True,4.9,41000.0,
app_411,dca067d82f6b3a38d0bd817afa6a61e23a7dd0e3cec6eb159626ed3b6221e813,ssn,False,25-34,False,Male,10041,64000.0,26,0.3,0.0,True,5.1,40000.0,
app_412,b8da5c293bebb8d13777877e684b2fd7a7a2793a0c88a58ac245b7d63c26f2a1,ssn,False,25-34,False,Male,10096,53000.0,61,0.43,25452.0,False,,,high_dti_ratio
app_413,ed98df769492099cd3cbb1ffb65a91e775e258800dab281fab29bfc12e7a2386,ssn,False,35-44,False,Male,10044,92000.0,30,0.3,41179.0,True,6.2,41000.0,
app_414,89ae687d656a076a55f37ee78d1e9bd1bcb59171a529f72f234dec235f487f6e,ssn,False,35-44,False,Male,10012,76000.0,29,0.4,36303.0,True,5.2,57000.0,
app_415,9774181f1c561195fb9e57ab03d880b4de5b7179fb71d60f02e02bad1c4581ac,ssn,False,25-34,False,Male,10002,105000.0,32,0.06,37428.0,False,,,algorithm_risk_score
app_416,15dca0670cf5fa38569a1270d883cce34eb62500a2a38702004ecf0bb9533551,ssn,False,35-44,False,Male,10066,100000.0,59,0.2,46148.0,False,,,algorithm_risk_score
app_417,97c6a905336e36be0bc93ec8e322491e7cd230b4bf8fcbafa9b72d2f5f12ff02,ssn,False,45-54,False,Male,10072,63000.0,44,0.22,25271.0,True,4.7,48000.0,
app_418,0ddd3bfc297766ac8e3d174725f779f1ae0b99969ef6b525c35593ab56e0d487,ssn,False,45-54,False,Female,90272,112000.0,82,0.05,70888.0,True,6.2,36000.0,
app_419,9bd36968aa6669a6775a5b40d9c802e8cb72785cf48b77aab6234b6f1a031422,ssn,False,35-44,False,Male,10096,125000.0,5,0.24,63180.0,False,,,algorithm_risk_score
app_420,b945ddbe21ca3874dc8f7b0019ef946fab82198b2d58c3038906231956aa2fa1,ssn,False,35-44,False,Female,10087,81000.0,23,0.14,19007.0,True,3.4,66000.0,
app_421,ce9add67ec00bdc51398a34eb5d7b5884f91ada6abe7d58f8f0e6931354fc520,ssn,False,35-44,False,Male,10027,46000.0,44,0.06,5018.0,True,6.0,45000.0,
app_422,7db13fe2849e9277215df6ccf01b91bbc8b7ee6b68a1e38ce7fee6ac5e935b52,ssn,False,35-44,False,Female,90284,108000.0,80,0.37,30248.0,False,,,algorithm_risk_score
app_423,b6696db707e38118b1ea241d1a6fee6582c77d0284aecf8b16f13ccc46ce2dfe,ssn,False,25-34,False,Male,10026,103000.0,66,0.28,40301.0,True,3.6,41000.0,
app_424,19146cdfa709f0d797efff7462db4fb7474cfd794ef565d5b96bf83f500a83d2,ssn,False,35-44,False,Male,10020,98000.0,30,0.12,13780.0,False,,,algorithm_risk_score
app_425,66e082fda40860123d75d5a5f8afa6706c2a46965a92dd7aab7c66c2fadc7b5d,ssn,False,35-44,False,Male,10095,144000.0,37,0.31,48632.0,True,5.7,59000.0,
app_426,5521d4017208dcfb5d719be0d81f52a9b747af49de0c2f89419c66da762ea5c0,ssn,False,55-64,False,Female,90255,78000.0,105,0.09,49213.0,True,2.8,20000.0,
app_427,812fc45fac7b9d9db6b37395e3ec4d11ff6b964c12added9aa3c9b4837ef5de2,ssn,False,35-44,False,Male,90299,117000.0,80,0.27,39525.0,True,5.6,34000.0,
app_428,a1681ae48bdc111bbe0a3ba5e834c26cc71e583e81df7d8baac1b20e4bb40eb2,ssn,False,55-64,False,Male,10053,103000.0,78,0.19,29305.0,True,4.0,74000.0,
app_429,40a36b92f8b1b9171a3d77a0080e637bb7f6ee3d497f628ee57755178ea7a021,ssn,False,25-34,False,Female,90286,77000.0,41,0.18,26023.0,False,,,algorithm_risk_score
app_430,17247725208bd23cd7991782773b82b8f1dd2fac902b53f29ff125223dd7442b,ssn,False,45-54,False,Female,10066,97000.0,28,0.19,17717.0,False,,,algorithm_risk_score
app_431,433ec698413713b3d37dfe244610e1d8df85a81ccb350516c46887c7cbb2bf73,ssn,False,65+,False,Female,90203,68000.0,129,0.4,24830.0,False,,,algorithm_risk_score
app_432,55f1795fed778b5b8869f5de2fb652e4ca1963c3e3d6e0f28cc3c320a1d73e81,ssn,False,<25,False,Female,90273,75000.0,8,0.18,24681.0,False,,,algorithm_risk_score
app_433,855dd19a2f04eee91b2a480d68deb415f7c5282fb8719d067a71a95f88e40246,ssn,False,25-34,False,Female,10010,67000.0,28,0.14,26113.0,True,4.4,78000.0,
app_434,2ec22da03bf1fda7c881546c41d1c7e658071983e8e0cf766c90e3eab83d7338,ssn,False,25-34,False,Male,10050,35000.0,0,0.27,14397.0,False,,,algorithm_risk_score
app_435,f06c702e90ced626c13d22517198d8add54a3c90d211c703b85a347a9a1a7b60,ssn,False,35-44,False,Male,10077,89000.0,51,0.22,11727.0,True,5.6,51000.0,
app_436,d50b4231fdb0ec880ee74fabe26c912dd33bfa46f445bbf4dba36b60af6f6990,ssn,False,25-34,False,Female,90217,45000.0,35,0.13,10311.0,True,3.9,63000.0,
app_437,032c70e584a23fddd1f237f213c38eb72e2f651573a98bc3df7c82a9cdd9d415,ssn,False,25-34,False,Female,10033,107000.0,59,0.33,33144.0,True,5.6,69000.0,
app_438,4eb60ff3c7cc9e1a88867af42aa71a6ae4b24459b721246a05befb3c10dcf837,ssn,False,25-34,False,Male,10090,38000.0,35,0.22,7228.0,False,,,algorithm_risk_score
app_439,a4a9a2dd32589565ba17f9aff16d92d60554b6b6923671939f0f36404dd9b2dc,ssn,False,45-54,False,Male,10019,87000.0,72,0.12,50675.0,True,4.2,61000.0,
app_440,5a56757127bdfcd93ccef64f37dfa581eae2430b373f176e8a2d16842d6a5661,ssn,False,35-44,False,Male,10009,74000.0,80,0.28,25925.0,True,5.3,73000.0,
app_441,6725bd3ccff45460b9b158fc918282cf52540ad31f9dae921e11f09fe20f7209,ssn,False,35-44,False,Female,90268,110000.0,20,0.12,23593.0,True,2.6,74000.0,
app_442,70e4a8de1159da2aa174d528d522348618a1ec4cb09bc630714f21acd067aefb,ssn,False,45-54,False,Female,90232,58000.0,88,0.11,13402.0,False,,,algorithm_risk_score
app_443,3128a07b5ae0e4aab347d4f16af6ca84e7681253753394bd177eab922dee856b,ssn,False,45-54,False,Male,10040,101000.0,67,0.43,27879.0,True,5.5,31000.0,
app_444,5f6f78518bfd202353d839f313858beb2026a2e65e3e247f964a4cf1297d0393,ssn,False,35-44,False,Male,10077,91000.0,56,0.23,28670.0,True,5.5,59000.0,
app_445,03357674fce515e4c8fa89c3b6ec20733691eefee3f55d172a965b837ce4d2e9,ssn,False,65+,False,Female,90219,86000.0,71,0.14,17179.0,True,3.1,79000.0,
app_446,5d0ba7d550051727cd56bf272aee5b5d640707d834bd52f1a7627bbd95f01071,ssn,False,25-34,False,Male,10015,73000.0,19,0.31,47962.0,True,3.4,20000.0,
app_447,82ef96a2900a10951cfe0499b685c9ae776831b015fcbaa80ecd77828d2eddfe,ssn,False,55-64,False,Male,10071,77000.0,48,0.19,28600.0,True,6.2,22000.0,
app_448,3bfda43c7352eede94a22e3ad1ebf11d2b3c530a92748cb34cd2d434791be43b,ssn,False,35-44,False,Female,90221,57000.0,22,0.23,12120.0,True,6.4,47000.0,
app_449,d8aeacc114c3973cd2c61ccd882530659c81a73aa7d4ced757ca1a1a4220195c,ssn,False,55-64,False,Female,90234,75000.0,86,0.07,27467.0,True,5.7,54000.0,
app_450,7fdfa592a033288eb10bb7357a44910713fbb490db3dae76b8bcc439117eaf4e,ssn,False,35-44,False,Female,90227,89000.0,67,0.29,27374.0,False,,,algorithm_risk_score
app_451,fbe487ead5ee7af334f2c7f80661b832ee01fdc3081733e41ae4ec782ddc5884,ssn,False,35-44,False,Male,10020,101000.0,49,0.12,24958.0,True,3.1,40000.0,
app_452,b0b74084cc7b485113a6dc91db10d38fc366e9248c0f17805772ddc5a2c9d6bf,ssn,False,25-34,False,Female,90221,66000.0,67,0.07,24654.0,False,,,algorithm_risk_score
app_453,8106ae79c0ef4f2a1e8f3b81b5d44050f094a51c3dcc5a04278e2b28f848bed3,ssn,False,25-34,False,Male,10030,28000.0,0,0.22,12529.0,False,,,insufficient_credit_history
app_454,b4eb4d2c7007e20a6bef1f7bdb5135be81191d0e67e6548ecb7455d48bce21c8,ssn,False,45-54,False,Female,90219,99000.0,74,0.18,32988.0,True,5.3,76000.0,
app_455,05fb4daeecb475edcf6da88f85627bcce6e0aa018be1443a46488d9dce33b486,ssn,False,35-44,False,Male,10020,92000.0,64,0.12,29125.0,True,5.1,59000.0,
app_456,2e6593242e03314b7e00392529d47d0cff2e81ef20aba53186caefab08c45033,ssn,False,45-54,False,Male,10070,84000.0,24,0.34,38163.0,True,6.5,74000.0,
app_457,fa7f845c7b515521d822616f8532bc3d63aefb0941f3a47b1ec921ce49f300db,ssn,False,55-64,False,Female,90270,126000.0,95,0.34,55610.0,True,6.2,34000.0,
app_458,1c31b7f60f5a9c84f0bd7846d6c3756655936adb70d2efe246492c3c6eee57d8,ssn,False,45-54,False,Male,10006,90000.0,45,0.37,28672.0,True,4.3,45000.0,
app_459,a7e21cd4549b77832e273cf7c370cfae1465628ef7fe1a7c8004d2a4eb385877,ssn,False,55-64,False,Male,10004,114000.0,99,0.22,47221.0,True,4.5,52000.0,
app_460,5a2297a48d4fd90cffc8f3620f34cec6e7f2b0d9bca1225d01ab9f019d5ab7cd,ssn,False,35-44,False,Female,90266,85000.0,19,0.41,28777.0,False,,,insufficient_credit_history
app_461,e75e06b9159bc1c5647bf2257de01bdbd4edb7b692b5f7c3cd3424de11a456c6,ssn,False,25-34,False,Female,90280,46000.0,38,0.28,13390.0,False,,,algorithm_risk_score
app_462,da9f7f21394b50fa2ec9226cc723e6d693bd1aa432990533000ffc258395a403,ssn,False,55-64,False,Female,90278,91000.0,78,0.18,25979.0,True,2.8,60000.0,
app_463,93e30e41203d795f8eb7f2e0998f41a2d12d51a3d3f43d0d998a4cbc47de2683,ssn,False,45-54,False,Female,90205,86000.0,50,0.29,66878.0,False,,,algorithm_risk_score
app_464,4493f58959944117fb8bf210e0b9bd44ba7f72820f85ad57a038ba76a25f5d8b,ssn,False,25-34,False,Female,90239,41000.0,28,0.33,22193.0,False,,,high_dti_ratio
app_465,8c808509a321689f7bcc8373d3fb937ae0d90baec1a5139fc32ac71a056f82f6,ssn,False,45-54,False,Male,10041,72000.0,89,0.32,27863.0,True,5.7,20000.0,
app_466,8dbaddea30c6ca92d1b6d5aa490f4af13f8fc106e12932b532a17ca6db630a0f,ssn,False,25-34,False,Male,10055,80000.0,47,0.4,34196.0,True,4.3,57000.0,
app_467,82d19d45a59875eb44ae0ef88c054b50600fff4e92009544dae43d59c94e00e2,ssn,False,65+,False,Female,90204,75000.0,120,0.18,35398.0,True,5.1,78000.0,
app_468,edd469404d9920d54635dc9693ea5ba29519e4060b45fb9607af24e01fa3a806,ssn,False,25-34,False,Male,10046,22000.0,35,0.35,8982.0,False,,,insufficient_credit_history
app_469,7dacd9b10c53b3a6d4809539d55c55e076f5ff258b1733ab49dd4526d3f007af,ssn,False,25-34,False,Female,90218,47000.0,11,0.38,21972.0,False,,,algorithm_risk_score
app_470,a1be0c9b7e217357ff2920564e603054959d8b2b4baf7f22cf22875faf3c536b,ssn,False,35-44,False,Male,10062,66000.0,40,0.43,32402.0,True,3.4,35000.0,
app_471,398aa1766bf60cf2b6283f658a12fea49abac6e887d0450b0f3589b3f0ef838c,ssn,False,45-54,False,Male,10032,80000.0,61,0.08,9728.0,True,2.7,50000.0,
app_472,274d1e50e2c2754a53babcb97b6e026709c5e301d045afc71189749a1df802e7,ssn,False,45-54,False,Male,10080,81000.0,53,0.44,16798.0,False,,,algorithm_risk_score
app_473,e9d8bccef63a81830a547eabe9307f967c393fd7012d1f380d8fd682dbebf6eb,ssn,False,25-34,False,Female,90244,54000.0,0,0.21,13722.0,True,4.2,43000.0,
app_474,14cc8d5ebb2cefa7380d5cebdf1086599c61bb9ee16888559ed208fb8aeb78fd,ssn,False,25-34,False,Female,90242,40000.0,51,0.19,13712.0,False,,,algorithm_risk_score
app_475,57fc374217e53c3ec13131d6fd3dfc9d060012abe6de17d9d5aa25dc3d561f56,ssn,False,35-44,False,Female,90296,108000.0,43,0.36,24107.0,True,4.5,61000.0,
app_476,aa319ce49f0999c289129ca686e2ea4695b3987bf49a8c029c779bc8eabab396,ssn,False,45-54,False,Male,10082,53000.0,118,0.44,8148.0,True,3.9,77000.0,
app_477,22cd9b41d1abcd10ce6948f2fe3effb15cae69a30130cb5e15cd2d8bd1397f3c,ssn,False,25-34,False,Male,10096,82000.0,12,0.42,22805.0,False,,,algorithm_risk_score
app_478,686605c381ed7983feebd41332675ab3adedd70c87e6ebabc7df79d4f6d6725d,ssn,False,25-34,False,Female,90294,74000.0,21,0.28,21504.0,True,2.9,52000.0,
app_479,172538481d3831b4235c3b3ec298792143f74540241ef1032da5f81705a69ead,ssn,False,35-44,False,Female,90205,94000.0,56,0.11,15630.0,False,,,algorithm_risk_score
app_480,8173378eb7e8c69bfc25c1148625cbd9715a6926b55fd057054c89698f8baa88,ssn,False,55-64,False,Male,10001,104000.0,70,0.19,25163.0,True,3.9,68000.0,
app_481,e592505c0e629e8c10aaa722fa572557609725377a11d1374d4ec41605a63efc,ssn,False,35-44,False,Female,90229,142000.0,38,0.17,62154.0,True,3.3,56000.0,
app_482,0f12638aec078e63a3b55ba302d31b69b4ac33db97d6ecbc9b526d8690596362,ssn,False,45-54,False,Male,10008,98000.0,61,0.33,23017.0,False,,,high_dti_ratio
app_483,9fdaa528a4ae8932d0d4af3a3aa2562bf827e2c1d6719a9b8a4883c16fb87e24,ssn,False,45-54,False,Male,10047,99000.0,44,0.07,27423.0,True,6.5,80000.0,
app_484,42995d32e72e744005a971e31c80ef57354637779e34ec76e8a54627d0c1e170,ssn,False,35-44,False,Male,10001,69000.0,27,0.27,10775.0,True,3.2,34000.0,
app_485,0b906d81281b554c3aaa93e1e3face43b35be1a9c353b6a0daf508ff517a1fdc,ssn,False,35-44,False,Female,90256,108000.0,74,0.37,57352.0,True,3.7,72000.0,
app_486,4fbc8264578b0dfa832b3efbfa560b217e909a4af7b63f86b97bcde98dd1cb62,ssn,False,55-64,False,Male,10040,79000.0,95,0.09,35264.0,True,2.9,64000.0,
app_487,38f131690c9b856bfcd0ae1117da108d6731380a474c981e69460f15c1f08396,ssn,False,35-44,False,Male,10057,60000.0,16,0.24,22759.0,False,,,algorithm_risk_score
app_488,1246264f238e55670e8ead6071a658e56cc6b5a6bf31793b725efa8bd0a61c52,ssn,False,25-34,False,Female,90201,33000.0,0,0.2,7021.0,False,,,algorithm_risk_score
app_489,05357d618ee0fcebe199bb988e16cb0de0d3a98353a5116c765ceff1dd8491fd,ssn,False,55-64,False,Female,90284,47000.0,84,0.06,14947.0,False,,,low_income
app_490,48427a596dca47febe4ca5da3650f2b02478359d5202d2b8569a079daf03c329,ssn,False,35-44,False,Female,90251,171000.0,74,0.26,45864.0,False,,,algorithm_risk_score
app_491,155c44e256269c8d70466a5406e761b024dd0a42d78203a9375b52b6a440fbcd,ssn,False,45-54,False,Female,10048,79000.0,100,0.1,30078.0,False,,,algorithm_risk_score
app_492,585dd15543f7255a2d58e288a77045d2c2def459234438d9f3897f9c5b582282,ssn,False,25-34,False,Female,90225,46000.0,0,0.09,9578.0,False,,,algorithm_risk_score
app_493,98c6f4b3545793e211f87a91e73f6ef7be11344b3e32e05d404e7044155025c1,ssn,False,45-54,False,Female,90245,100000.0,99,0.25,34716.0,True,4.1,24000.0,
app_494,af67d1b68176cdd7b6e07b00abe915a47fed69877f35be01b869744ce1cd4739,ssn,False,25-34,False,Male,10073,32000.0,0,0.32,9358.0,False,,,insufficient_credit_history
app_495,8bc8fd64c69a9d7c00a00f64dbb11edf382d907c9e1918bd21f3f159c0ca2153,ssn,False,55-64,False,Female,10069,71000.0,80,0.34,24928.0,True,4.8,68000.0,
app_496,5387b9a826ba0ab40257afd5fecf04d17e1face3d1b795810f89c3e63451691a,ssn,False,45-54,False,Female,90211,87000.0,40,0.31,23949.0,True,6.2,25000.0,
app_497,4ba5dffd0b087c6b809f6c188fbff33bc8b5c0ea259f6bfc6c6a5d7bd3e63a51,ssn,False,25-34,False,Male,90233,48000.0,4,0.1,21540.0,False,,,algorithm_risk_score
app_498,e82ffd9268ca993a81774915a1afdc4a4767fc877b718da23ce7a52f147fece3,ssn,False,35-44,False,Male,90276,86000.0,33,0.29,36901.0,False,,,algorithm_risk_score
app_499,bbb3840512d520875f219190547bfa5bb72bfdee84530a8559be3f8d403c1056,ssn,False,35-44,False,Female,90218,111000.0,3,0.19,78838.0,True,4.1,62000.0,
app_500,5f609968de79f2ab539b52d9d286500dd8fd2529a54bf693a6a6adaca8441059,ssn,False,25-34,False,Male,10048,86000.0,12,0.13,42908.0,True,5.2,38000.0,
